param_id,dataset,role,sigma2Y,correlation_length,anisotropy,long_dispersivity,trans_ratio,source_param_id,notes
0,training,TEST,0.1,20.0,1.0,0.62,0.1,-1,
1,training,TEST,0.1,20.0,1.0,0.62,1.0,-1,
2,training,VAL,0.1,20.0,1.0,6.2,0.1,-1,
3,training,TRAIN,0.1,20.0,1.0,6.2,1.0,-1,
4,training,TRAIN,0.1,20.0,1.0,62.0,0.1,-1,
5,training,TRAIN,0.1,20.0,1.0,62.0,1.0,-1,
6,training,TRAIN,1.0,20.0,1.0,0.62,0.1,-1,
7,training,TRAIN,1.0,20.0,1.0,0.62,1.0,-1,
8,training,TRAIN,1.0,20.0,1.0,6.2,0.1,-1,
9,training,TRAIN,1.0,20.0,1.0,6.2,1.0,-1,
10,training,TEST,1.0,20.0,1.0,62.0,0.1,-1,
11,training,TEST,1.0,20.0,1.0,62.0,1.0,-1,
12,training,VAL,2.0,20.0,1.0,0.62,0.1,-1,
13,training,TRAIN,2.0,20.0,1.0,0.62,1.0,-1,
14,training,TRAIN,2.0,20.0,1.0,6.2,0.1,-1,
15,training,TRAIN,2.0,20.0,1.0,6.2,1.0,-1,
16,training,TRAIN,2.0,20.0,1.0,62.0,0.1,-1,
17,training,TRAIN,2.0,20.0,1.0,62.0,1.0,-1,
18,training,TRAIN,0.1,20.0,5.0,0.62,0.1,-1,
19,training,TRAIN,0.1,20.0,5.0,0.62,1.0,-1,
20,training,TEST,0.1,20.0,5.0,6.2,0.1,-1,
21,training,TEST,0.1,20.0,5.0,6.2,1.0,-1,
22,training,VAL,0.1,20.0,5.0,62.0,0.1,-1,
23,training,TRAIN,0.1,20.0,5.0,62.0,1.0,-1,
24,training,TRAIN,1.0,20.0,5.0,0.62,0.1,-1,
25,training,TRAIN,1.0,20.0,5.0,0.62,1.0,-1,
26,training,TRAIN,1.0,20.0,5.0,6.2,0.1,-1,
27,training,TRAIN,1.0,20.0,5.0,6.2,1.0,-1,
28,training,TRAIN,1.0,20.0,5.0,62.0,0.1,-1,
29,training,TRAIN,1.0,20.0,5.0,62.0,1.0,-1,
30,training,TEST,2.0,20.0,5.0,0.62,0.1,-1,
31,training,TEST,2.0,20.0,5.0,0.62,1.0,-1,
32,training,VAL,2.0,20.0,5.0,6.2,0.1,-1,
33,training,TRAIN,2.0,20.0,5.0,6.2,1.0,-1,
34,training,TRAIN,2.0,20.0,5.0,62.0,0.1,-1,
35,training,TRAIN,2.0,20.0,5.0,62.0,1.0,-1,
36,training,TRAIN,0.1,20.0,10.0,0.62,0.1,-1,
37,training,TRAIN,0.1,20.0,10.0,0.62,1.0,-1,
38,training,TRAIN,0.1,20.0,10.0,6.2,0.1,-1,
39,training,TRAIN,0.1,20.0,10.0,6.2,1.0,-1,
40,training,TEST,0.1,20.0,10.0,62.0,0.1,-1,
41,training,TEST,0.1,20.0,10.0,62.0,1.0,-1,
42,training,VAL,1.0,20.0,10.0,0.62,0.1,-1,
43,training,TRAIN,1.0,20.0,10.0,0.62,1.0,-1,
44,training,TRAIN,1.0,20.0,10.0,6.2,0.1,-1,
45,training,TRAIN,1.0,20.0,10.0,6.2,1.0,-1,
46,training,TRAIN,1.0,20.0,10.0,62.0,0.1,-1,
47,training,TRAIN,1.0,20.0,10.0,62.0,1.0,-1,
48,training,TRAIN,2.0,20.0,10.0,0.62,0.1,-1,
49,training,TRAIN,2.0,20.0,10.0,0.62,1.0,-1,
50,training,TEST,2.0,20.0,10.0,6.2,0.1,-1,
51,training,TEST,2.0,20.0,10.0,6.2,1.0,-1,
52,training,VAL,2.0,20.0,10.0,62.0,0.1,-1,
53,training,TRAIN,2.0,20.0,10.0,62.0,1.0,-1,
54,training,TRAIN,0.1,50.0,1.0,0.62,0.1,-1,
55,training,TRAIN,0.1,50.0,1.0,0.62,1.0,-1,
56,training,TRAIN,0.1,50.0,1.0,6.2,0.1,-1,
57,training,TRAIN,0.1,50.0,1.0,6.2,1.0,-1,
58,training,TRAIN,0.1,50.0,1.0,62.0,0.1,-1,
59,training,TRAIN,0.1,50.0,1.0,62.0,1.0,-1,
60,training,TEST,1.0,50.0,1.0,0.62,0.1,-1,
61,training,TEST,1.0,50.0,1.0,0.62,1.0,-1,
62,training,VAL,1.0,50.0,1.0,6.2,0.1,-1,
63,training,TRAIN,1.0,50.0,1.0,6.2,1.0,-1,
64,training,TRAIN,1.0,50.0,1.0,62.0,0.1,-1,
65,training,TRAIN,1.0,50.0,1.0,62.0,1.0,-1,
66,training,TRAIN,2.0,50.0,1.0,0.62,0.1,-1,
67,training,TRAIN,2.0,50.0,1.0,0.62,1.0,-1,
68,training,TRAIN,2.0,50.0,1.0,6.2,0.1,-1,
69,training,TRAIN,2.0,50.0,1.0,6.2,1.0,-1,
70,training,TEST,2.0,50.0,1.0,62.0,0.1,-1,
71,training,TEST,2.0,50.0,1.0,62.0,1.0,-1,
72,training,VAL,0.1,50.0,5.0,0.62,0.1,-1,
73,training,TRAIN,0.1,50.0,5.0,0.62,1.0,-1,
74,training,TRAIN,0.1,50.0,5.0,6.2,0.1,-1,
75,training,TRAIN,0.1,50.0,5.0,6.2,1.0,-1,
76,training,TRAIN,0.1,50.0,5.0,62.0,0.1,-1,
77,training,TRAIN,0.1,50.0,5.0,62.0,1.0,-1,
78,training,TRAIN,1.0,50.0,5.0,0.62,0.1,-1,
79,training,TRAIN,1.0,50.0,5.0,0.62,1.0,-1,
80,training,TEST,1.0,50.0,5.0,6.2,0.1,-1,
81,training,TEST,1.0,50.0,5.0,6.2,1.0,-1,
82,training,VAL,1.0,50.0,5.0,62.0,0.1,-1,
83,training,TRAIN,1.0,50.0,5.0,62.0,1.0,-1,
84,training,TRAIN,2.0,50.0,5.0,0.62,0.1,-1,
85,training,TRAIN,2.0,50.0,5.0,0.62,1.0,-1,
86,training,TRAIN,2.0,50.0,5.0,6.2,0.1,-1,
87,training,TRAIN,2.0,50.0,5.0,6.2,1.0,-1,
88,training,TRAIN,2.0,50.0,5.0,62.0,0.1,-1,
89,training,TRAIN,2.0,50.0,5.0,62.0,1.0,-1,
90,training,TEST,0.1,50.0,10.0,0.62,0.1,-1,
91,training,TEST,0.1,50.0,10.0,0.62,1.0,-1,
92,training,VAL,0.1,50.0,10.0,6.2,0.1,-1,
93,training,TRAIN,0.1,50.0,10.0,6.2,1.0,-1,
94,training,TRAIN,0.1,50.0,10.0,62.0,0.1,-1,
95,training,TRAIN,0.1,50.0,10.0,62.0,1.0,-1,
96,training,TRAIN,1.0,50.0,10.0,0.62,0.1,-1,
97,training,TRAIN,1.0,50.0,10.0,0.62,1.0,-1,
98,training,TRAIN,1.0,50.0,10.0,6.2,0.1,-1,
99,training,TRAIN,1.0,50.0,10.0,6.2,1.0,-1,
100,training,TEST,1.0,50.0,10.0,62.0,0.1,-1,
101,training,TEST,1.0,50.0,10.0,62.0,1.0,-1,
102,training,VAL,2.0,50.0,10.0,0.62,0.1,-1,
103,training,TRAIN,2.0,50.0,10.0,0.62,1.0,-1,
104,training,TRAIN,2.0,50.0,10.0,6.2,0.1,-1,
105,training,TRAIN,2.0,50.0,10.0,6.2,1.0,-1,
106,training,TRAIN,2.0,50.0,10.0,62.0,0.1,-1,
107,training,TRAIN,2.0,50.0,10.0,62.0,1.0,-1,
108,training,TRAIN,0.1,500.0,1.0,0.62,0.1,-1,
109,training,TRAIN,0.1,500.0,1.0,0.62,1.0,-1,
110,training,TEST,0.1,500.0,1.0,6.2,0.1,-1,
111,training,TEST,0.1,500.0,1.0,6.2,1.0,-1,
112,training,VAL,0.1,500.0,1.0,62.0,0.1,-1,
113,training,TRAIN,0.1,500.0,1.0,62.0,1.0,-1,
114,training,TRAIN,1.0,500.0,1.0,0.62,0.1,-1,
115,training,TRAIN,1.0,500.0,1.0,0.62,1.0,-1,
116,training,TRAIN,1.0,500.0,1.0,6.2,0.1,-1,
117,training,TRAIN,1.0,500.0,1.0,6.2,1.0,-1,
118,training,TRAIN,1.0,500.0,1.0,62.0,0.1,-1,
119,training,TRAIN,1.0,500.0,1.0,62.0,1.0,-1,
120,training,TEST,2.0,500.0,1.0,0.62,0.1,-1,
121,training,TEST,2.0,500.0,1.0,0.62,1.0,-1,
122,training,VAL,2.0,500.0,1.0,6.2,0.1,-1,
123,training,TRAIN,2.0,500.0,1.0,6.2,1.0,-1,
124,training,TRAIN,2.0,500.0,1.0,62.0,0.1,-1,
125,training,TRAIN,2.0,500.0,1.0,62.0,1.0,-1,
126,training,TRAIN,0.1,500.0,5.0,0.62,0.1,-1,
127,training,TRAIN,0.1,500.0,5.0,0.62,1.0,-1,
128,training,TRAIN,0.1,500.0,5.0,6.2,0.1,-1,
129,training,TRAIN,0.1,500.0,5.0,6.2,1.0,-1,
130,training,TEST,0.1,500.0,5.0,62.0,0.1,-1,
131,training,TEST,0.1,500.0,5.0,62.0,1.0,-1,
132,training,VAL,1.0,500.0,5.0,0.62,0.1,-1,
133,training,TRAIN,1.0,500.0,5.0,0.62,1.0,-1,
134,training,TRAIN,1.0,500.0,5.0,6.2,0.1,-1,
135,training,TRAIN,1.0,500.0,5.0,6.2,1.0,-1,
136,training,TRAIN,1.0,500.0,5.0,62.0,0.1,-1,
137,training,TRAIN,1.0,500.0,5.0,62.0,1.0,-1,
138,training,TRAIN,2.0,500.0,5.0,0.62,0.1,-1,
139,training,TRAIN,2.0,500.0,5.0,0.62,1.0,-1,
140,training,TEST,2.0,500.0,5.0,6.2,0.1,-1,
141,training,TEST,2.0,500.0,5.0,6.2,1.0,-1,
142,training,VAL,2.0,500.0,5.0,62.0,0.1,-1,
143,training,TRAIN,2.0,500.0,5.0,62.0,1.0,-1,
144,training,TRAIN,0.1,500.0,10.0,0.62,0.1,-1,
145,training,TRAIN,0.1,500.0,10.0,0.62,1.0,-1,
146,training,TRAIN,0.1,500.0,10.0,6.2,0.1,-1,
147,training,TRAIN,0.1,500.0,10.0,6.2,1.0,-1,
148,training,TRAIN,0.1,500.0,10.0,62.0,0.1,-1,
149,training,TRAIN,0.1,500.0,10.0,62.0,1.0,-1,
150,training,TEST,1.0,500.0,10.0,0.62,0.1,-1,
151,training,TEST,1.0,500.0,10.0,0.62,1.0,-1,
152,training,VAL,1.0,500.0,10.0,6.2,0.1,-1,
153,training,TRAIN,1.0,500.0,10.0,6.2,1.0,-1,
154,training,TRAIN,1.0,500.0,10.0,62.0,0.1,-1,
155,training,TRAIN,1.0,500.0,10.0,62.0,1.0,-1,
156,training,TRAIN,2.0,500.0,10.0,0.62,0.1,-1,
157,training,TRAIN,2.0,500.0,10.0,0.62,1.0,-1,
158,training,TRAIN,2.0,500.0,10.0,6.2,0.1,-1,
159,training,TRAIN,2.0,500.0,10.0,6.2,1.0,-1,
160,training,TEST,2.0,500.0,10.0,62.0,0.1,-1,
161,training,TEST,2.0,500.0,10.0,62.0,1.0,-1,
200,obj3_calibration,CALIB,0.5,20.0,1.0,0.62,0.1,-1,
201,obj3_calibration,CALIB,0.5,20.0,1.0,6.2,1.0,-1,
202,obj3_calibration,CALIB,0.5,20.0,5.0,0.62,0.1,-1,
203,obj3_calibration,CALIB,0.5,20.0,5.0,6.2,1.0,-1,
204,obj3_calibration,CALIB,0.5,20.0,10.0,0.62,0.1,-1,
205,obj3_calibration,CALIB,0.5,20.0,10.0,6.2,1.0,-1,
206,obj3_calibration,CALIB,0.5,50.0,1.0,0.62,0.1,-1,
207,obj3_calibration,CALIB,0.5,50.0,1.0,6.2,1.0,-1,
208,obj3_calibration,CALIB,0.5,50.0,5.0,0.62,0.1,-1,
209,obj3_calibration,CALIB,0.5,50.0,5.0,6.2,1.0,-1,
210,obj3_calibration,CALIB,0.5,50.0,10.0,0.62,0.1,-1,
211,obj3_calibration,CALIB,0.5,50.0,10.0,6.2,1.0,-1,
212,obj3_calibration,CALIB,0.5,500.0,1.0,0.62,0.1,-1,
213,obj3_calibration,CALIB,0.5,500.0,1.0,6.2,1.0,-1,
214,obj3_calibration,CALIB,0.5,500.0,5.0,0.62,0.1,-1,
215,obj3_calibration,CALIB,0.5,500.0,5.0,6.2,1.0,-1,
216,obj3_calibration,CALIB,0.5,500.0,10.0,0.62,0.1,-1,
217,obj3_calibration,CALIB,0.5,500.0,10.0,6.2,1.0,-1,
218,obj3_calibration,CALIB,1.5,20.0,1.0,0.62,0.1,-1,
219,obj3_calibration,CALIB,1.5,20.0,1.0,6.2,1.0,-1,
220,obj3_calibration,CALIB,1.5,20.0,5.0,0.62,0.1,-1,
221,obj3_calibration,CALIB,1.5,20.0,5.0,6.2,1.0,-1,
222,obj3_calibration,CALIB,1.5,20.0,10.0,0.62,0.1,-1,
223,obj3_calibration,CALIB,1.5,20.0,10.0,6.2,1.0,-1,
224,obj3_calibration,CALIB,1.5,50.0,1.0,0.62,0.1,-1,
225,obj3_calibration,CALIB,1.5,50.0,1.0,6.2,1.0,-1,
226,obj3_calibration,CALIB,1.5,50.0,5.0,0.62,0.1,-1,
227,obj3_calibration,CALIB,1.5,50.0,5.0,6.2,1.0,-1,
228,obj3_calibration,CALIB,1.5,50.0,10.0,0.62,0.1,-1,
229,obj3_calibration,CALIB,1.5,50.0,10.0,6.2,1.0,-1,
230,obj3_calibration,CALIB,1.5,500.0,1.0,0.62,0.1,-1,
231,obj3_calibration,CALIB,1.5,500.0,1.0,6.2,1.0,-1,
232,obj3_calibration,CALIB,1.5,500.0,5.0,0.62,0.1,-1,
233,obj3_calibration,CALIB,1.5,500.0,5.0,6.2,1.0,-1,
234,obj3_calibration,CALIB,1.5,500.0,10.0,0.62,0.1,-1,
235,obj3_calibration,CALIB,1.5,500.0,10.0,6.2,1.0,-1,
236,obj3_ood_extended,OOD_EXTENDED_TEST,2.5,20.0,1.0,0.62,0.1,12,sigma_deviation=0.5
237,obj3_ood_extended,OOD_EXTENDED_TEST,2.5,50.0,5.0,6.2,1.0,87,sigma_deviation=0.5
238,obj3_ood_extended,OOD_EXTENDED_TEST,2.5,500.0,10.0,62.0,0.1,160,sigma_deviation=0.5
239,obj3_ood_extended,OOD_EXTENDED_TEST,2.5,20.0,10.0,62.0,1.0,53,sigma_deviation=0.5
240,obj3_ood_extended,OOD_EXTENDED_TEST,2.5,500.0,1.0,6.2,1.0,123,sigma_deviation=0.5
241,obj3_ood_extended,OOD_EXTENDED_TEST,2.5,50.0,1.0,0.62,1.0,67,sigma_deviation=0.5
242,obj3_ood_extended,OOD_EXTENDED_TEST,2.5,500.0,5.0,0.62,0.1,138,sigma_deviation=0.5
243,obj3_ood_extended,OOD_EXTENDED_TEST,2.5,20.0,5.0,6.2,0.1,32,sigma_deviation=0.5
244,obj3_ood_extended,OOD_EXTENDED_TEST,2.5,50.0,10.0,6.2,0.1,104,sigma_deviation=0.5
245,obj3_ood_extended,OOD_EXTENDED_TEST,2.5,500.0,1.0,62.0,1.0,125,sigma_deviation=0.5
246,obj3_ood_extended,OOD_EXTENDED_TEST,2.5,20.0,1.0,6.2,1.0,15,sigma_deviation=0.5
247,obj3_ood_extended,OOD_EXTENDED_TEST,2.5,50.0,5.0,62.0,0.1,88,sigma_deviation=0.5
248,obj3_ood_extended,OOD_EXTENDED_TEST,2.5,500.0,10.0,0.62,1.0,157,sigma_deviation=0.5
249,obj3_ood_extended,OOD_EXTENDED_TEST,2.5,20.0,10.0,0.62,0.1,48,sigma_deviation=0.5
250,obj3_ood_extended,OOD_EXTENDED_TEST,2.5,50.0,1.0,62.0,0.1,70,sigma_deviation=0.5
251,obj3_ood_extended,OOD_EXTENDED_TEST,2.5,500.0,5.0,6.2,1.0,141,sigma_deviation=0.5
252,obj3_ood_extended,OOD_EXTENDED_TEST,2.5,20.0,5.0,62.0,1.0,35,sigma_deviation=0.5
253,obj3_ood_extended,OOD_EXTENDED_TEST,2.5,50.0,10.0,0.62,1.0,103,sigma_deviation=0.5
254,obj3_ood_extended,OOD_EXTENDED_TEST,2.5,500.0,10.0,6.2,0.1,158,sigma_deviation=0.5
255,obj3_ood_extended,OOD_EXTENDED_TEST,2.5,20.0,1.0,62.0,0.1,16,sigma_deviation=0.5
256,obj3_ood_extended,OOD_EXTENDED_TEST,3.0,20.0,1.0,0.62,0.1,12,sigma_deviation=1
257,obj3_ood_extended,OOD_EXTENDED_TEST,3.0,50.0,5.0,6.2,1.0,87,sigma_deviation=1
258,obj3_ood_extended,OOD_EXTENDED_TEST,3.0,500.0,10.0,62.0,0.1,160,sigma_deviation=1
259,obj3_ood_extended,OOD_EXTENDED_TEST,3.0,20.0,10.0,62.0,1.0,53,sigma_deviation=1
260,obj3_ood_extended,OOD_EXTENDED_TEST,3.0,500.0,1.0,6.2,1.0,123,sigma_deviation=1
261,obj3_ood_extended,OOD_EXTENDED_TEST,3.0,50.0,1.0,0.62,1.0,67,sigma_deviation=1
262,obj3_ood_extended,OOD_EXTENDED_TEST,3.0,500.0,5.0,0.62,0.1,138,sigma_deviation=1
263,obj3_ood_extended,OOD_EXTENDED_TEST,3.0,20.0,5.0,6.2,0.1,32,sigma_deviation=1
264,obj3_ood_extended,OOD_EXTENDED_TEST,3.0,50.0,10.0,6.2,0.1,104,sigma_deviation=1
265,obj3_ood_extended,OOD_EXTENDED_TEST,3.0,500.0,1.0,62.0,1.0,125,sigma_deviation=1
266,obj3_ood_extended,OOD_EXTENDED_TEST,3.0,20.0,1.0,6.2,1.0,15,sigma_deviation=1
267,obj3_ood_extended,OOD_EXTENDED_TEST,3.0,50.0,5.0,62.0,0.1,88,sigma_deviation=1
268,obj3_ood_extended,OOD_EXTENDED_TEST,3.0,500.0,10.0,0.62,1.0,157,sigma_deviation=1
269,obj3_ood_extended,OOD_EXTENDED_TEST,3.0,20.0,10.0,0.62,0.1,48,sigma_deviation=1
270,obj3_ood_extended,OOD_EXTENDED_TEST,3.0,50.0,1.0,62.0,0.1,70,sigma_deviation=1
271,obj3_ood_extended,OOD_EXTENDED_TEST,3.0,500.0,5.0,6.2,1.0,141,sigma_deviation=1
272,obj3_ood_extended,OOD_EXTENDED_TEST,3.0,20.0,5.0,62.0,1.0,35,sigma_deviation=1
273,obj3_ood_extended,OOD_EXTENDED_TEST,3.0,50.0,10.0,0.62,1.0,103,sigma_deviation=1
274,obj3_ood_extended,OOD_EXTENDED_TEST,3.0,500.0,10.0,6.2,0.1,158,sigma_deviation=1
275,obj3_ood_extended,OOD_EXTENDED_TEST,3.0,20.0,1.0,62.0,0.1,16,sigma_deviation=1
276,obj3_interpolation,OOD_INTERPOLATION_TEST,0.3,20.0,1.0,0.62,0.1,12,interpolation_ood_journal
277,obj3_interpolation,OOD_INTERPOLATION_TEST,0.3,50.0,5.0,6.2,1.0,87,interpolation_ood_journal
278,obj3_interpolation,OOD_INTERPOLATION_TEST,0.3,500.0,10.0,62.0,0.1,160,interpolation_ood_journal
279,obj3_interpolation,OOD_INTERPOLATION_TEST,0.3,20.0,10.0,62.0,1.0,53,interpolation_ood_journal
280,obj3_interpolation,OOD_INTERPOLATION_TEST,0.3,500.0,1.0,6.2,1.0,123,interpolation_ood_journal
281,obj3_interpolation,OOD_INTERPOLATION_TEST,0.3,50.0,1.0,0.62,1.0,67,interpolation_ood_journal
282,obj3_interpolation,OOD_INTERPOLATION_TEST,0.3,500.0,5.0,0.62,0.1,138,interpolation_ood_journal
283,obj3_interpolation,OOD_INTERPOLATION_TEST,0.3,20.0,5.0,6.2,0.1,32,interpolation_ood_journal
284,obj3_interpolation,OOD_INTERPOLATION_TEST,0.3,50.0,10.0,6.2,0.1,104,interpolation_ood_journal
285,obj3_interpolation,OOD_INTERPOLATION_TEST,0.3,500.0,1.0,62.0,1.0,125,interpolation_ood_journal
286,obj3_interpolation,OOD_INTERPOLATION_TEST,0.3,20.0,1.0,6.2,1.0,15,interpolation_ood_journal
287,obj3_interpolation,OOD_INTERPOLATION_TEST,0.3,50.0,5.0,62.0,0.1,88,interpolation_ood_journal
288,obj3_interpolation,OOD_INTERPOLATION_TEST,0.3,500.0,10.0,0.62,1.0,157,interpolation_ood_journal
289,obj3_interpolation,OOD_INTERPOLATION_TEST,0.3,20.0,10.0,0.62,0.1,48,interpolation_ood_journal
290,obj3_interpolation,OOD_INTERPOLATION_TEST,0.3,50.0,1.0,62.0,0.1,70,interpolation_ood_journal
291,obj3_interpolation,OOD_INTERPOLATION_TEST,0.3,500.0,5.0,6.2,1.0,141,interpolation_ood_journal
292,obj3_interpolation,OOD_INTERPOLATION_TEST,0.3,20.0,5.0,62.0,1.0,35,interpolation_ood_journal
293,obj3_interpolation,OOD_INTERPOLATION_TEST,0.3,50.0,10.0,0.62,1.0,103,interpolation_ood_journal
294,obj3_interpolation,OOD_INTERPOLATION_TEST,0.3,500.0,10.0,6.2,0.1,158,interpolation_ood_journal
295,obj3_interpolation,OOD_INTERPOLATION_TEST,0.3,20.0,1.0,62.0,0.1,16,interpolation_ood_journal
296,obj3_interpolation,OOD_INTERPOLATION_TEST,0.7,20.0,1.0,0.62,0.1,12,interpolation_ood_journal
297,obj3_interpolation,OOD_INTERPOLATION_TEST,0.7,50.0,5.0,6.2,1.0,87,interpolation_ood_journal
298,obj3_interpolation,OOD_INTERPOLATION_TEST,0.7,500.0,10.0,62.0,0.1,160,interpolation_ood_journal
299,obj3_interpolation,OOD_INTERPOLATION_TEST,0.7,20.0,10.0,62.0,1.0,53,interpolation_ood_journal
300,obj3_interpolation,OOD_INTERPOLATION_TEST,0.7,500.0,1.0,6.2,1.0,123,interpolation_ood_journal
301,obj3_interpolation,OOD_INTERPOLATION_TEST,0.7,50.0,1.0,0.62,1.0,67,interpolation_ood_journal
302,obj3_interpolation,OOD_INTERPOLATION_TEST,0.7,500.0,5.0,0.62,0.1,138,interpolation_ood_journal
303,obj3_interpolation,OOD_INTERPOLATION_TEST,0.7,20.0,5.0,6.2,0.1,32,interpolation_ood_journal
304,obj3_interpolation,OOD_INTERPOLATION_TEST,0.7,50.0,10.0,6.2,0.1,104,interpolation_ood_journal
305,obj3_interpolation,OOD_INTERPOLATION_TEST,0.7,500.0,1.0,62.0,1.0,125,interpolation_ood_journal
306,obj3_interpolation,OOD_INTERPOLATION_TEST,0.7,20.0,1.0,6.2,1.0,15,interpolation_ood_journal
307,obj3_interpolation,OOD_INTERPOLATION_TEST,0.7,50.0,5.0,62.0,0.1,88,interpolation_ood_journal
308,obj3_interpolation,OOD_INTERPOLATION_TEST,0.7,500.0,10.0,0.62,1.0,157,interpolation_ood_journal
309,obj3_interpolation,OOD_INTERPOLATION_TEST,0.7,20.0,10.0,0.62,0.1,48,interpolation_ood_journal
310,obj3_interpolation,OOD_INTERPOLATION_TEST,0.7,50.0,1.0,62.0,0.1,70,interpolation_ood_journal
311,obj3_interpolation,OOD_INTERPOLATION_TEST,0.7,500.0,5.0,6.2,1.0,141,interpolation_ood_journal
312,obj3_interpolation,OOD_INTERPOLATION_TEST,0.7,20.0,5.0,62.0,1.0,35,interpolation_ood_journal
313,obj3_interpolation,OOD_INTERPOLATION_TEST,0.7,50.0,10.0,0.62,1.0,103,interpolation_ood_journal
314,obj3_interpolation,OOD_INTERPOLATION_TEST,0.7,500.0,10.0,6.2,0.1,158,interpolation_ood_journal
315,obj3_interpolation,OOD_INTERPOLATION_TEST,0.7,20.0,1.0,62.0,0.1,16,interpolation_ood_journal
316,obj3_interpolation,OOD_INTERPOLATION_TEST,1.3,20.0,1.0,0.62,0.1,12,interpolation_ood_journal
317,obj3_interpolation,OOD_INTERPOLATION_TEST,1.3,50.0,5.0,6.2,1.0,87,interpolation_ood_journal
318,obj3_interpolation,OOD_INTERPOLATION_TEST,1.3,500.0,10.0,62.0,0.1,160,interpolation_ood_journal
319,obj3_interpolation,OOD_INTERPOLATION_TEST,1.3,20.0,10.0,62.0,1.0,53,interpolation_ood_journal
320,obj3_interpolation,OOD_INTERPOLATION_TEST,1.3,500.0,1.0,6.2,1.0,123,interpolation_ood_journal
321,obj3_interpolation,OOD_INTERPOLATION_TEST,1.3,50.0,1.0,0.62,1.0,67,interpolation_ood_journal
322,obj3_interpolation,OOD_INTERPOLATION_TEST,1.3,500.0,5.0,0.62,0.1,138,interpolation_ood_journal
323,obj3_interpolation,OOD_INTERPOLATION_TEST,1.3,20.0,5.0,6.2,0.1,32,interpolation_ood_journal
324,obj3_interpolation,OOD_INTERPOLATION_TEST,1.3,50.0,10.0,6.2,0.1,104,interpolation_ood_journal
325,obj3_interpolation,OOD_INTERPOLATION_TEST,1.3,500.0,1.0,62.0,1.0,125,interpolation_ood_journal
326,obj3_interpolation,OOD_INTERPOLATION_TEST,1.3,20.0,1.0,6.2,1.0,15,interpolation_ood_journal
327,obj3_interpolation,OOD_INTERPOLATION_TEST,1.3,50.0,5.0,62.0,0.1,88,interpolation_ood_journal
328,obj3_interpolation,OOD_INTERPOLATION_TEST,1.3,500.0,10.0,0.62,1.0,157,interpolation_ood_journal
329,obj3_interpolation,OOD_INTERPOLATION_TEST,1.3,20.0,10.0,0.62,0.1,48,interpolation_ood_journal
330,obj3_interpolation,OOD_INTERPOLATION_TEST,1.3,50.0,1.0,62.0,0.1,70,interpolation_ood_journal
331,obj3_interpolation,OOD_INTERPOLATION_TEST,1.3,500.0,5.0,6.2,1.0,141,interpolation_ood_journal
332,obj3_interpolation,OOD_INTERPOLATION_TEST,1.3,20.0,5.0,62.0,1.0,35,interpolation_ood_journal
333,obj3_interpolation,OOD_INTERPOLATION_TEST,1.3,50.0,10.0,0.62,1.0,103,interpolation_ood_journal
334,obj3_interpolation,OOD_INTERPOLATION_TEST,1.3,500.0,10.0,6.2,0.1,158,interpolation_ood_journal
335,obj3_interpolation,OOD_INTERPOLATION_TEST,1.3,20.0,1.0,62.0,0.1,16,interpolation_ood_journal
336,obj3_interpolation,OOD_INTERPOLATION_TEST,1.7,20.0,1.0,0.62,0.1,12,interpolation_ood_journal
337,obj3_interpolation,OOD_INTERPOLATION_TEST,1.7,50.0,5.0,6.2,1.0,87,interpolation_ood_journal
338,obj3_interpolation,OOD_INTERPOLATION_TEST,1.7,500.0,10.0,62.0,0.1,160,interpolation_ood_journal
339,obj3_interpolation,OOD_INTERPOLATION_TEST,1.7,20.0,10.0,62.0,1.0,53,interpolation_ood_journal
340,obj3_interpolation,OOD_INTERPOLATION_TEST,1.7,500.0,1.0,6.2,1.0,123,interpolation_ood_journal
341,obj3_interpolation,OOD_INTERPOLATION_TEST,1.7,50.0,1.0,0.62,1.0,67,interpolation_ood_journal
342,obj3_interpolation,OOD_INTERPOLATION_TEST,1.7,500.0,5.0,0.62,0.1,138,interpolation_ood_journal
343,obj3_interpolation,OOD_INTERPOLATION_TEST,1.7,20.0,5.0,6.2,0.1,32,interpolation_ood_journal
344,obj3_interpolation,OOD_INTERPOLATION_TEST,1.7,50.0,10.0,6.2,0.1,104,interpolation_ood_journal
345,obj3_interpolation,OOD_INTERPOLATION_TEST,1.7,500.0,1.0,62.0,1.0,125,interpolation_ood_journal
346,obj3_interpolation,OOD_INTERPOLATION_TEST,1.7,20.0,1.0,6.2,1.0,15,interpolation_ood_journal
347,obj3_interpolation,OOD_INTERPOLATION_TEST,1.7,50.0,5.0,62.0,0.1,88,interpolation_ood_journal
348,obj3_interpolation,OOD_INTERPOLATION_TEST,1.7,500.0,10.0,0.62,1.0,157,interpolation_ood_journal
349,obj3_interpolation,OOD_INTERPOLATION_TEST,1.7,20.0,10.0,0.62,0.1,48,interpolation_ood_journal
350,obj3_interpolation,OOD_INTERPOLATION_TEST,1.7,50.0,1.0,62.0,0.1,70,interpolation_ood_journal
351,obj3_interpolation,OOD_INTERPOLATION_TEST,1.7,500.0,5.0,6.2,1.0,141,interpolation_ood_journal
352,obj3_interpolation,OOD_INTERPOLATION_TEST,1.7,20.0,5.0,62.0,1.0,35,interpolation_ood_journal
353,obj3_interpolation,OOD_INTERPOLATION_TEST,1.7,50.0,10.0,0.62,1.0,103,interpolation_ood_journal
354,obj3_interpolation,OOD_INTERPOLATION_TEST,1.7,500.0,10.0,6.2,0.1,158,interpolation_ood_journal
355,obj3_interpolation,OOD_INTERPOLATION_TEST,1.7,20.0,1.0,62.0,0.1,16,interpolation_ood_journal
