param_id,anisotropy,correlation_length,log_variance,long_dispersivity,trans_dispersivity_ratio,axis,role,tag,split
9220,5,500,0.1,80.0,0.1,S1_severity_alphaL80,ood_axisD_transport_severity_test_only,tier1_axisD_severity_journal_extension,TIER1_AXISD_SEVERITY_OOD_TEST_ONLY
9221,10,500,0.1,80.0,0.1,S2_severity_alphaL80,ood_axisD_transport_severity_test_only,tier1_axisD_severity_journal_extension,TIER1_AXISD_SEVERITY_OOD_TEST_ONLY
9222,5,500,1.0,80.0,0.1,S3_severity_alphaL80,ood_axisD_transport_severity_test_only,tier1_axisD_severity_journal_extension,TIER1_AXISD_SEVERITY_OOD_TEST_ONLY
9223,10,500,1.0,80.0,0.1,S4_severity_alphaL80,ood_axisD_transport_severity_test_only,tier1_axisD_severity_journal_extension,TIER1_AXISD_SEVERITY_OOD_TEST_ONLY
9224,5,500,0.1,80.0,1.0,S5_severity_alphaL80,ood_axisD_transport_severity_test_only,tier1_axisD_severity_journal_extension,TIER1_AXISD_SEVERITY_OOD_TEST_ONLY
9225,10,500,1.0,80.0,1.0,S6_severity_alphaL80,ood_axisD_transport_severity_test_only,tier1_axisD_severity_journal_extension,TIER1_AXISD_SEVERITY_OOD_TEST_ONLY
9226,5,500,0.1,100.0,0.1,S1_severity_alphaL100,ood_axisD_transport_severity_test_only,tier1_axisD_severity_journal_extension,TIER1_AXISD_SEVERITY_OOD_TEST_ONLY
9227,10,500,0.1,100.0,0.1,S2_severity_alphaL100,ood_axisD_transport_severity_test_only,tier1_axisD_severity_journal_extension,TIER1_AXISD_SEVERITY_OOD_TEST_ONLY
9228,5,500,1.0,100.0,0.1,S3_severity_alphaL100,ood_axisD_transport_severity_test_only,tier1_axisD_severity_journal_extension,TIER1_AXISD_SEVERITY_OOD_TEST_ONLY
9229,10,500,1.0,100.0,0.1,S4_severity_alphaL100,ood_axisD_transport_severity_test_only,tier1_axisD_severity_journal_extension,TIER1_AXISD_SEVERITY_OOD_TEST_ONLY
9230,5,500,0.1,100.0,1.0,S5_severity_alphaL100,ood_axisD_transport_severity_test_only,tier1_axisD_severity_journal_extension,TIER1_AXISD_SEVERITY_OOD_TEST_ONLY
9231,10,500,1.0,100.0,1.0,S6_severity_alphaL100,ood_axisD_transport_severity_test_only,tier1_axisD_severity_journal_extension,TIER1_AXISD_SEVERITY_OOD_TEST_ONLY
9232,5,500,0.1,140.0,0.1,S1_severity_alphaL140,ood_axisD_transport_severity_test_only,tier1_axisD_severity_journal_extension,TIER1_AXISD_SEVERITY_OOD_TEST_ONLY
9233,10,500,0.1,140.0,0.1,S2_severity_alphaL140,ood_axisD_transport_severity_test_only,tier1_axisD_severity_journal_extension,TIER1_AXISD_SEVERITY_OOD_TEST_ONLY
9234,5,500,1.0,140.0,0.1,S3_severity_alphaL140,ood_axisD_transport_severity_test_only,tier1_axisD_severity_journal_extension,TIER1_AXISD_SEVERITY_OOD_TEST_ONLY
9235,10,500,1.0,140.0,0.1,S4_severity_alphaL140,ood_axisD_transport_severity_test_only,tier1_axisD_severity_journal_extension,TIER1_AXISD_SEVERITY_OOD_TEST_ONLY
9236,5,500,0.1,140.0,1.0,S5_severity_alphaL140,ood_axisD_transport_severity_test_only,tier1_axisD_severity_journal_extension,TIER1_AXISD_SEVERITY_OOD_TEST_ONLY
9237,10,500,1.0,140.0,1.0,S6_severity_alphaL140,ood_axisD_transport_severity_test_only,tier1_axisD_severity_journal_extension,TIER1_AXISD_SEVERITY_OOD_TEST_ONLY
