path,bytes,sha256
.gitattributes,78,b871620ee0842c452312ed587f5f2828885326a6f3d19002d75c893cbce047c5
.github/workflows/ci.yml,2051,0f68a81566ccfd0c96c28d73c9ad8169486d37b388c104925fd0c947b23d07eb
.gitignore,142,bea42254a2b4c4ba0d563ff590ed738b35e353c51f795a0072fa047c9674a565
CHANGELOG.md,2379,47a4dc7bd374e36faa307b6c1f5a2b8b9d9e77c1b26bb1656ea9424e9c55c173
CITATION.cff,1264,daf5a6b6f63c7dd95d0c2ba40e9bb22dcdc70def4d5f7fbc9e6e316e049c8764
CODE_AVAILABILITY.md,1020,b3e539751dec69100d16550a3299314510e28821b83930b760572d71ce5813bd
DejaVu-fonts.txt,4816,d75938dec098f06f0ac3c00853065d94f020be1c3c62ef1dc2975ba15b4d9b0e
LICENSE,1087,89ef0077e0e2736d76ab1e535bbc661aa66ff639b30c8afe9aa21e1d871c2aeb
README.md,4853,2904ffd558f33813423d5c7e5fc0825f403136d2582d6de62c7690ba349a3a82
RELEASE_SCOPE.md,1449,b92f4dedf5faf9bc545f145f379b9cc8e16289d0f6d073e50d1258cc1b8c507e
REPRODUCE.md,6400,1e63dc8efbee9f8c482e19b620f293b4f05173a61ebe43ea700994a362adec9c
THIRD_PARTY_NOTICES.md,3307,8a6298e68c5cc6f8d0f49353526b788c8867433e33cc24099ae6375f020971e0
TRAINING_PROTOCOL.md,4031,4c7367ddf8bcfd7606af85d7468bc896a94c5c6938308f9af1191ea61038abaf
figures/draw/fig1_workflow_drawio_v5.drawio,2636053,f9e967558ccf01b91e805a5735b49a30cee068cce0c5bb0d12ee146feb27f31d
figures/v5_corrected/fig1_workflow_drawio_v5.pdf,1008670,3bb101b53a54280fbd730c24b822f12b4863bd5ba52e6f22cdd47f13a7d6d3b2
figures/v5_corrected/fig1_workflow_drawio_v5.svg,4125174,48314506f2ee7c0694c75d0e735d412e8670f7dfbd0fd0635587385e674da27c
figures/v5_corrected/fig2_transport_ladder_v5.pdf,17403,debcebb22d3fa2fa0cb24d8ea9562b4e246d7edbb9c79a4e4489f7449147a690
figures/v5_corrected/fig2_transport_ladder_v5.png,80136,225d9fd0557a10747f432b3d4b6946d754866ad4fdc26f1994a070aa451cb9e4
figures/v5_corrected/fig3_taxonomy_v5.pdf,21101,dc0b8afc099865db30c8802e66cf64987dbb53e7e18e85df3ed88c7105677d28
figures/v5_corrected/fig3_taxonomy_v5.png,91955,80dd9d14548cee9a81f3ae5ed89a3a4b5c6402c88bf2c4cf0869339dd2121338
figures/v5_corrected/fig4_distributions_v5.pdf,32740,2c54893661cdb1820b578e03b0df5673f5cca34fc20c9cde8b2b07e03668af51
figures/v5_corrected/fig4_distributions_v5.png,258748,26c6444be26e800ab45a94dc2bb62c5ca4ed7d0afb528ab158c73088f9deb3ed
figures/v5_corrected/fig5_triage_v5.pdf,19564,64488c3fcda803dbde83de2aa00f74d5a6cdd58ce59961b2abbe7fac61a47368
figures/v5_corrected/fig5_triage_v5.png,110953,45cc58c66c542f911efb3e921812e5f04f030df483016fc20e811528447abc47
figures/v5_corrected/v5_analysis_portable.json,16713,e90aa4ca8ae74579cb49b751e70d537e395aa4498ff253fd6d7a9d0a522751d1
figures/v6/fig1_workflow_compact_v6.drawio,8396,fe8e7fe264d4c8fddca50a06cbd627bebd3080c0479d3e5cc0e5e751e9d55b06
figures/v6/fig1_workflow_compact_v6.pdf,74208,31c5caeb955f83927bfd412e0801f0a4a74f4807c48f4de8f10c8d52eb84e4ec
figures/v6/fig1_workflow_compact_v6.svg,3880,b01395a4d10529db559db511dad445e0e58ac46ef6dad91270b0e5ef246969c3
figures/v6/fig_paired_transport_v6.pdf,17878,eac28febea817cfc7545fb41d9c37889743eabf21b47fe38e0cb59354b0bdc9e
figures/v6/fig_paired_transport_v6.png,150109,9ce625ea3385fbe1a7b755e4b4cc33e22ebf522980293bb27b4c378bc9a093ca
figures/v6/fig_physical_time_v6.pdf,21759,c007b55dd3c2efe200c87f23e7ab4c9c3b12ece085e51c96f9e6dc20a9311d8f
figures/v6/fig_physical_time_v6.png,300922,073932fc4c72b66ddc673fcff00b908d6c53377c7f930bc084e98ac8df765d09
figures/v6/physical_diagnostics_v6.json,107084,a54cb9c823888c258eb10672122e923295cb69c995c07dc1b2b8773e914f0c67
metadata/obj3_train_stats.json,214,e026abb589ea21f1cd02b0b429ab7558786553021d1c0281b22a638d476c03ce
metadata/param_axisD_matched.csv,1061,0e840cbd7701a43c4f81b6bb4ec7641d60cfa0a907b2433a0d712b2f32a6d892
metadata/param_axisD_matched.json,2282,31931859bcce8de5d45b27cf1d1c7d8f404b84f165079c466207e8516d2131fe
metadata/param_axisD_severity.csv,3011,d9ea78438307768fe0a3fcf2038ef6a13c09ab84a56c4f7611e8fd4b1497266e
metadata/param_axisD_severity.json,6896,8cec81a8484b6d394e904237c94f92d2aeb4e9d1052b98a9a1356212627b1edd
metadata/param_registry_master.csv,20729,8eeea154b4716fad582fa5958e754e75708d92c04ff85e17e24663e5adda0e39
requirements-analysis-lock.txt,238,65171f72f59501de0c6494ecb414333c2910d07e2c1b0a612058b3eab5ab66b7
requirements.txt,172,7d32e772d126d7aa6da41c6a72db64223a6cd773bf4e6b96670aeeb20f0a611c
results/README.md,2860,a6189f531e69556c2dd4e95c333727d7d333a0b902aefc3536caef21dd455db9
results/orientation_v5/MANIFEST.json,2125,8e60f795366528b735f8f03e2e12a0c4598f2b1df20e249be09a79db15c28f4d
results/orientation_v5/native_baselines/deterministic.json,10262,759289983d9b8d8cda1dbcacca06c2ef2081e6f21475ab5e01908cb447f7889d
results/orientation_v5/native_baselines/mcdrop.json,13026,0f9eccb3faf413d7d844f55bf0e4c712e6ba8ae44f50a8ad6925780c25ea6f86
results/orientation_v5/paired_and_conditional.json,23259,9f9ef09a6c7144f22ccfe399adaea569532c0ce8cf10de672fa88df480145d5c
results/orientation_v5/quality/deeponet/COMPLETED.json,574,c29de72eed8333a48fa1d30719ef0c06364a7e8130b31207877cd2561aeddf22
results/orientation_v5/quality/deeponet/per_time.csv,2115661,0cd2e353011e63888cd7941649ae886f47fd1d042022076b80f1ba224320ae18
results/orientation_v5/quality/deeponet/quality.json,146327,81931ce1cf7331a6319a9178d2e699c5f148aa514070baafde5ccf843f37e468
results/orientation_v5/quality/fno/COMPLETED.json,574,761bb2922204c86b4243e6e542afa548b443befce4b9307b924c3d6c73675066
results/orientation_v5/quality/fno/per_time.csv,2233820,4f3ff41aebc8666e9f9358c4addd8b416459b1af910cb1e95db5ebc748649aa4
results/orientation_v5/quality/fno/quality.json,146126,bc4b2b6b5947ce72405d20683ca7f3d5ebcf39c58afe8d53a10a76a3a92d82bb
results/orientation_v5/quality/hetero/COMPLETED.json,574,166a05a9b22d09c4dd57952423413992e939e2b13cf99ad1527c5a65284e0e85
results/orientation_v5/quality/hetero/per_time.csv,2248964,d2b57154f5355bb29b2e519c2defd871130433982185fece9496d169c8a8b940
results/orientation_v5/quality/hetero/quality.json,145364,041789adc5b78e479dbd0ca2bfb58821e6687117247d61985e5bb611c6f430b2
results/orientation_v5/quality/unet_det/COMPLETED.json,574,44ba68b7d6988720762978062cc2f7a76f214bed4411c3435a6c06a851ef2caa
results/orientation_v5/quality/unet_det/per_time.csv,2232595,8ae672e4c62ea7d62e47074cfa4eaf318b6163bc865df60b9e91a77d604fb95a
results/orientation_v5/quality/unet_det/quality.json,146556,f87c052bda916fd3218a1b7cde0c4a91511638edd20f559067353adbea1fa169
results/orientation_v5/selection_crc_baselines.json,11282,c598a12f692ec889c8c2ed904b9cfc5ead0b96be92634b83f72179d2d83ce953
results/orientation_v5/statistics.json,272235,642e72c7b2fb8d52348c9b7ed9de28443adbdceb8c8c2a7457ef2ebc3fcad10b
results/postfix_final/ensemble/eval/ensemble_metrics_iid_test.json,39977,c6f4af90ccb1f8a55293640c61c77ee05cb78856cb6b8e20aae50775a765ea09
results/postfix_final/ensemble/eval/ensemble_metrics_ood_test.json,96987,c5401a1324b60c2431434599315e373b1bbd6084dea521747a62693adff414aa
results/reporting_statistics/reporting_statistics.json,233,d364efdfca531bad5ffb675803ee491fcce04ed2467c8facc186f65ad567791d
results/twin_audit/obj3_conductivity_twin_audit.json,104879,46588e0df4728d1be0b34820be46e9791723db83a999b56fc87786ea5013b607
results/twin_audit/obj3_conductivity_twin_breakdown.json,54663,291ea9c8b36a2dd0bda86f8fef8e545b4e525cf0249db29bce06f350468559c8
results/twin_audit/obj3_rd_near_twin_check.json,1232,c9bfab60a88f6a90af1251c4e03503dc53bc3b47bd818a4223c209e590bc6362
results/twin_audit/obj3_realization_disjoint_control.json,3100,02d6a18a025df7d439a318b845009de7433d71716b75f2c19dd9d5d3c12aff88
results/twin_audit/obj3_realization_disjoint_control_deeponet.json,3178,05092f18aa38bad6fe1e8c2c622546b505a7a90a06de36a6aef65c648d816c80
results/twin_audit/obj3_realization_disjoint_control_fno.json,3132,c49dd4aebe33e1d6353fefa43643bf48386d1434608624822be7494865896d89
results/twin_audit/obj3_realization_disjoint_control_hetero.json,3122,85096261597c8515f3ed3ad6d14b9fe8f489863773555938396e516358ccc5a5
results/twin_audit/obj3_twin_paired_shift_effect.json,3837,1b8037720d6edcafc10471cec378baa9a2864d6972250eefe9504c46cdb76059
results/twin_audit/obj3_twin_paired_shift_effect_full.json,14998,c9837e48832495f9a3df91ac7c4e8d8cd1f591b7fa0f7055088715e59b47728e
scripts/audit_axisD_dataset.py,4952,e54797296e9193c7a7a21f716f0451506e1762e63a728605fc8cf8c51fe39040
scripts/audit_conductivity_twins_obj3.py,6249,dc5e53ba10497695a6ab7ebf09e9939cc95de2190068a34256eec4dd2b7a121f
scripts/audit_conductivity_twins_obj3_breakdown.py,4891,a624d60616bf583bf1cb29228d8a83e7dca6fbd39e4e8a4a982d5f847c34e3bd
scripts/audit_rd_near_twins.py,4431,00c99618c0dff5b8e595689e2d89447186f142cc75b04f27f22b0dd0bfc6efcd
scripts/audit_v5_numbers.py,8541,c07ea1e1586fd24f003033011a7a4a1b89770f27179295163333343e07e8fe3f
scripts/axisD_d1_inference_eval.py,13264,8d7b904bc4d91a3ebc2202560d969a4df0fbb15390fbf33c6c5b8f002b6f0399
scripts/axisD_npz_schema_check.py,3172,7ffc81fc15ab3bad1b652c207cc3c8dcf649f2c539c9cbac45cd940ad943e624
scripts/build_physical_diagnostics_v6.py,9377,ccc319d77d5692b6a67a01231508d3e47ae04f6baf6bf98caa89856af4634c8c
scripts/build_selection_supplement.py,6442,229f23426dc919fbea286ae02b9238e08e1f021cba26e7159b9514622c50abb8
scripts/build_v5_analysis.py,12559,d2b36294f66127cd1e9b97fc5f087069139e49680ef11f75f9a02854244fe5a7
scripts/calibration_nonphysical_sensitivity.py,5176,e713b3b8718be8d11e2a8606fd661ea4f643eabec21a6902aa1a7c2ec549ef87
scripts/conformal_unit_and_calibration_sensitivity.py,6191,0d187c45f279458e936ce2a47e0424b382dd9bc2c2452be2cf85e2ef2138141e
scripts/eval_ensemble_uq.py,13148,ff575352de34f77f7e0e5f2a264ba3fd143562bcf97a181574c016001a50879f
scripts/eval_hetero_uq.py,20566,af2ef07fd0ea8ebd3846e56ed0e42a333b4b90eb0e48156996e8841a2aa772b8
scripts/evaluate_four_family_quality_v5.py,11050,b355b56f368ff28979c6420f5898b80e668869cd1550b4adeffba227f768ff59
scripts/evaluate_matched_input_screening.py,12197,d424f93f73cd8bf5cdeed7b7abdd84716220b12cab54970a8905534f2a04d7fd
scripts/lever2_severity_conformal.py,16882,6b80babc5cf409f020bc7b5a17cc7faa044432b92702231d54d3656902f65d17
scripts/make_manifest.py,1877,1ddd8c933155eaf9a9cfb39f3c0431a4cc727f9a17437770ab570493eb8602d5
scripts/model_capacity.py,2696,314ab05faafaee75c9890fe49d596046a9e6cd3e01912e87f04d4564ab5cb8d6
scripts/package_paths.py,2096,935071a8131870969f80f4bc5e96739c1947b84a4acd837875bbdc9b3a58e7ad
scripts/realization_disjoint_control_analysis.py,8034,e5e2b61a88ad08ae7b9c4a5f114296e65f692a9efe80cbc64f38f8a7a32e3a69
scripts/recompute_orientation_statistics_v5.py,13062,b63dd9990c949a96de78799d86926997aa01aab1e992ccf4a0c924c1e3a56d86
scripts/run_orientation_fixed_inference.py,15355,aa0145bf28613c0ca0651db193c7fbf8cfeb4c5cf508c8fff67e53462259b1e5
scripts/run_tests.py,1852,846f0b6e885af13b5d374f7968c48bec3008b3a94dd749ff429f414225cf033f
scripts/synthetic_demo.py,2851,5e703e0b5a5f40bf93b774e413b5eaa19e4475fe74db0b48e80547811b944f7b
scripts/verify_repository.py,8939,ff38f995665c795c3ec25b5b04b8a3cc4e2d1d642aafe507339a82be0519caad
splits/param_split_obj3_interp.json,1761,705111b1435c4288b3673c960e8f2daf4b5afe565f4f4dc604fb48184adb72fe
splits/param_split_obj3_ood.json,2306,c2ca68565d484694f8fb7343e070fca5eddfcbe2f92c83360698b85fffc2dde4
src/obj1/conference/deeponet2d.py,2850,996367a795f6d02a8eeab4ff09c53ea72b8a526a3bb139386dccc20c91a49bce
src/obj1/conference/fno2d.py,4066,cceaddc78a56c77d8733a8b148c9414eee3da817690d7bbea5ea407fdf117fbe
src/obj1/journal/models/deeponet_canonical.py,2820,0fdaf462a07a290b38e178c9b6b182b2fae612c934263a67d646330b60f266f0
src/obj1/journal/models/fno_replicate.py,851,41fad0bd5422d4b69b068969a6b09a2021a5172d276780c9d1fb4c28f0cf14da
src/obj3/__init__.py,28,d16afa2efa3738ca6df11bc0b711f841c6c369171d220b86b52e548ddaba80f9
src/obj3/conference/__init__.py,67,4a518ca657b752df266e1cfa0e9d853f50274c3816cb6e5966898923f7c0bbd2
src/obj3/conference/benchmark_inference_cost.py,9838,fcd18752dd4a5209788ce6940f3aeb4e4f746a35230567be97d039e3d3d3cd35
src/obj3/conference/compute_auroc.py,3807,e7e079a70620f638ac08749beb50bb8cc4ac6338cfd1a08fe49e0dc11bb5e789
src/obj3/conference/compute_obj3_train_stats.py,2412,97256dafcede56f99e1a5ebcae7c9f17ad9e6468915d606a452b52b13513e356
src/obj3/conference/compute_physical_metrics.py,9368,777434eeebc28be5ee3063b8199682b5c7420f12dd16e70b5d52d0915aa13389
src/obj3/conference/compute_uncertainty_localization.py,7369,1ba19d6eb5c5e096f6f51dde4c7407a18c5b83b55a05a9665d4ad45f114e9081
src/obj3/conference/data_obj3_ood.py,12533,edfbda75ed16f250892d8d074b3c2f6dcb78542949afa38665b57ad2f1a10294
src/obj3/conference/eval_conformal.py,14289,7993c3a1e602d4830d6de3d609721cb4e2097f58a66318f5714c68a30da47427
src/obj3/conference/eval_deterministic.py,11890,b8edba5b5ece67ed76e5777f966d90526193b073a922e7e26a18fb5eb8caa29d
src/obj3/conference/eval_ensemble.py,9886,aeb998e150de4c4a8a761a965681100785f3524a46584823691defc87d62c230
src/obj3/conference/eval_interp_degradation.py,9282,c73bd5ebe0b91703202496563f0a55e132d8d644c20faff54de50535fa3b12b3
src/obj3/conference/eval_mc_dropout.py,9368,02d79750fdc46f562e8bd3fee0fe6e89f37c189547d59c95565ad16fcc55c0af
src/obj3/conference/eval_mcdrop_crps.py,9073,04de1d00fd166763585565e4bdfe7bb9d90598f9a000c3e64a5ff5659b76f242
src/obj3/conference/export_member_predictions_local.py,16148,4654effd8fcb507c5fa224e95649a5837a1b2b381f0e2d4da189282e843f2f4d
src/obj3/conference/export_predictions.py,8341,7560a39fcde4288d9081e618efd8fe72473d0aa5a052d57b27861a7f4eab5843
src/obj3/conference/metrics_uq.py,8931,3c3d986793bebc23ff0fb38f47d3abe003cbd35a12b4c38495c21ad4bce38013
src/obj3/conference/train_ms_tmo_obj3.py,20269,68cc96ba6906a735fc6a73da28c98084b5adad908a65a320207fac7b8a0ac092
src/obj3/journal/__init__.py,41,4f01a9e4623d1b526aaf70485fe3742adb9731229658f8f2f17052f96152e630
src/obj3/journal/aci.py,7883,4728c34bee062346a231b69529adcff294bea2828a885b9c311411a32747957d
src/obj3/journal/aggregate_mcdrop.py,3522,0924d0d0364e912e9f41a5feea2458e7b65a6f8aacf513bb0ee22f72ecec08ed
src/obj3/journal/crc.py,3836,de396d368624158c23f77ffb182bf2e02f271c2280617b732cd38afacafb7c51
src/obj3/journal/eval_extended_ood.py,16566,df931e5f27ad2eaef566ed74ffc990c6708a2762a1dab8ec665b13dc02b7278c
src/obj3/journal/export_calibration_preds.py,4019,c9c5b76f366ca170dd88b858325b4d295337973a834cffaa946eaca0bda4fca7
src/obj3/journal/orientation.py,1872,e617e2fc6724c7d2a3e35fceeba49f39f5802d9a03ca4cae8795711ecb0317b5
src/obj3/journal/physical_quality.py,2319,18e5bbe639e5c58cb5d68f6157464b77a8995d03974400097b3df1c229c70a92
src/obj3/journal/run_aci_eval.py,8546,e439c3d73d5549de33ca5aea0e1107cccf98f8d5e51b0a6d0b804f81d38d3cd6
src/obj3/journal/run_crc_eval.py,3827,aebd40eb2cc07d5e0ce8a4936569f8fb861c3cd14f302ee925660d099beecec8
src/obj3/journal/train_deeponet_obj3.py,7986,27e77959c0f24a38b1a0276ced561e2692a9d3cbd6c26c3b8d8bd35d6323b151
src/obj3/journal/train_fno_obj3.py,7373,8a0e6e25b0a1e2578a638a9c7f655787b37f304423d9c9d78169cfd57a1bed18
src/obj3/journal/train_ms_tmo_obj3_hetero.py,11086,d19ca633c13da9c36e2d0c9ff924859ee3a7446629eee3caf6063cf1c554423c
src/obj3/uq/__init__.py,195,0250d51bc9f8a92ec3b2341289b4d3616ed41c63454d2643a36073878b6bcb32
src/obj3/uq/conformal.py,6500,8ec86bae373b0daf360beb57b5e4844339d6637940f5a240b4d22f04842ff1fa
src/shared/eval/__init__.py,39,23870e50b91c33990ae9635ad475f655ba2f27e67d4b11bc53ecec52b7293e05
src/shared/eval/centroid_error.py,1486,a609b01fe64ce4db2cc37486b02de69ab8bb496f7245d8b45c9276197066e0ed
src/shared/eval/eval_obj1_unified_logc_global_plumemask.py,40661,ca915c74bb0f52ddcb873e6178986631e904c587975d352ebee73369e7f3cb9e
src/shared/eval/evaluate_bundle_autoregressive.py,6382,778c36dc74e58901332614a9ea08609507f76418617de8179c88f96c1a946fc4
src/shared/eval/evaluate_deeponet_timequery_2d.py,8939,12610a1eaa88f4870d71ab21250a47daf61e6f5eda6b50bd3b09628e5e1f3bc1
src/shared/eval/evaluate_derivative_rollout_rk4.py,6878,2d8d5995952018da1ef71b0259441f55721d49e794d43ce3673387de7f162399
src/shared/eval/evaluate_diffusion_guided_timecond_patch_logc_2d.py,16961,e4eb67294e563230fd189c7b956f6ff0ce1831029f0f7532f2071ea5d1304f39
src/shared/eval/evaluate_diffusion_timecond_patch_logc_2d.py,8801,a9b0ef6307b8091f5450b0a75b5b5c2220a09ab0b5811cb250c75fefb90da1e6
src/shared/eval/evaluate_timecond_multihead_patch_logc_plumemask.py,13263,d8959de0ff1377b6002b0e1a5f7a4ce378176b5d79d57ffef8e45eec4abcd38a
src/shared/eval/evaluate_timecond_patch_logc_2d.py,10525,8e46b9dd0fa536cc9e6651546b8b475bbe5fbb71bcdbaf12f3781e0a7724be00
src/shared/eval/flow_conditioning.py,3061,addfa81db45f1208e226b49f2d38f1b0ad730e3714bf82fdd2375febbc49e267
src/shared/eval/plume_ssim.py,1534,669ac5b2c4b3bd189dfd8136794bfd2d124cb4078144088ea30ceed064e761bd
src/shared/utils/__init__.py,35,2f75882272fa67ee9b9e959c9f87f629dc87699e6026ad0f3da4e55eb0267220
src/shared/utils/seed.py,843,6dddd4522bd706c211bb391a057bc60cdd8f8283fee9aa755c5b634a2dbb34fd
tests/test_conformal_scale_v6.py,2385,df52488d11ca219a50d9dcac417340987a969fe5cb5a8d053ee60dd11170152d
tests/test_corrected_entrypoints.py,4577,a7c3d42d60666cb7c1082a516e65c8547438638b5b1ff51f4a306302b6df27a2
tests/test_embedded_media.py,1205,e1ab71863ba0f2675729a300bbf51af0438074c2cb5c4a8ef37ae375f65ba966
tests/test_path_configuration.py,5429,2b8217b40ee661606d109f06d60c7f9ecf62208ee129480f98b0b0d4401f8b7b
tests/test_portable_v5.py,3165,be6b45ecb6d989cb9521647d85148deae3e9475ce870f6661d68f3533f5f9a6b
tests/test_release_notices.py,2744,48dd0dba5be450adc7a07ee038c9209de2782fb22e76b196ad6a720051a42cea
tests/test_release_v5.py,4282,d097d1eb091577711ea253833fe2d61613ac2b36a51fbb3fdc84f669af2e2e7a
tests/test_selection_supplement.py,4135,9fb87ddb572ca892b5050f00d20ee6ee6627a27061b18c53aa2780774eed3f8f
tests/test_synthetic_v6.py,696,42102253acfaa9c6c45124e90773035d4ff5f132e97f9924269d24cfb6849852
tests/test_v4_corrections.py,2658,75d47d951d29edc97a796b46c0eaf425f2d2bf7e0b4af0bdbb867b7e2fc102af
