seed_set,split,metric,n_seeds,mean,std,min,max
seeds_0_4,iid_test,plume_ssim_mean,5,0.7289707472068486,0.012397778210006767,0.7144704983328414,0.7438328274424376
seeds_0_4,iid_test,global_ssim_mean,5,0.8946873454994744,0.0038876346694474355,0.8883983037565312,0.8992027649462049
seeds_0_4,iid_test,mass_error_mean,5,0.481964600438247,0.07351254776008372,0.3925921910942831,0.5891646479483633
seeds_0_4,iid_test,mc_var_mean,5,0.007193995184603741,0.0012440774822539801,0.005733032122423703,0.009469453480348668
seeds_0_4,ood_test,plume_ssim_mean,5,0.700188549742514,0.011449082798431614,0.6865859820213686,0.7139738977254204
seeds_0_4,ood_test,global_ssim_mean,5,0.8812601258729658,0.004465410147105299,0.8742481296687216,0.8853334416020154
seeds_0_4,ood_test,mass_error_mean,5,0.46039009643489254,0.09178463975221518,0.35127110443798104,0.5941350902133059
seeds_0_4,ood_test,mc_var_mean,5,0.007368590320736446,0.0012073939940029977,0.005765701608766836,0.009482760784319706
seeds_0_9,iid_test,plume_ssim_mean,10,0.7276832282850285,0.008969758973208394,0.7144704983328414,0.7438328274424376
seeds_0_9,iid_test,global_ssim_mean,10,0.8940733462495988,0.003466432852753513,0.8883983037565312,0.8992027649462049
seeds_0_9,iid_test,mass_error_mean,10,0.4659314324478153,0.05857627083769526,0.3925921910942831,0.5891646479483633
seeds_0_9,iid_test,mc_var_mean,10,0.007322611038530753,0.0010268587789771645,0.005733032122423703,0.009469453480348668
seeds_0_9,ood_test,plume_ssim_mean,10,0.6988604246419461,0.008289084248978854,0.6865859820213686,0.7139738977254204
seeds_0_9,ood_test,global_ssim_mean,10,0.8807445974832483,0.0037029385429642532,0.8742481296687216,0.8853334416020154
seeds_0_9,ood_test,mass_error_mean,10,0.44625962032989247,0.07199985938846416,0.35127110443798104,0.5941350902133059
seeds_0_9,ood_test,mc_var_mean,10,0.007539138640363321,0.0010156080815375142,0.005765701608766836,0.009482760784319706
