split,method,mode,alpha,coverage,mean_width,n_pixels
iid,scp,deployable,0.05,0.9987881011690043,24.075422286987305,1160988
iid,scp,deployable,0.1,0.9848198258724465,0.5304216146469116,1160988
iid,scp,deployable,0.2,0.8880531064920568,0.31277427077293396,1160988
iid,scp,oracle,0.05,0.9783370362291858,9.452037811279297,143934645
iid,scp,oracle,0.1,0.9329773870634134,7.6669535636901855,143934645
iid,scp,oracle,0.2,0.8506940354770042,5.604361057281494,143934645
iid,nec,deployable,0.05,0.9987786264802048,24.117718221733448,1160988
iid,nec,deployable,0.1,0.9847767591051759,0.5312053318089963,1160988
iid,nec,deployable,0.2,0.8877783405168701,0.3124630622596011,1160988
iid,nec,oracle,0.05,0.8820013624933732,6.213491606770788,143934645
iid,nec,oracle,0.1,0.7885184209819672,4.421321407658014,143934645
iid,nec,oracle,0.2,0.6328656036911753,2.7989319342919283,143934645
iid,nec_recal,deployable,0.05,0.9553337329929336,0.42969290664391624,1160988
iid,nec_recal,deployable,0.1,0.9150663055948899,0.3477937979943617,1160988
iid,nec_recal,deployable,0.2,0.8316657881046143,0.26150462980212424,1160988
iid,nec_recal,oracle,0.05,0.945110338098239,8.558132773309108,143934645
iid,nec_recal,oracle,0.1,0.8941718861362391,6.566846773535912,143934645
iid,nec_recal,oracle,0.2,0.7994512578955539,4.605745153365684,143934645
iid,mondrian,deployable,0.05,0.9553182289567161,0.4291210121571932,1160988
iid,mondrian,deployable,0.1,0.9151429644406316,0.34759489735101445,1160988
iid,mondrian,deployable,0.2,0.8320671703755766,0.26179507203494623,1160988
iid,mondrian,oracle,0.05,0.9549166081592101,8.41985062114743,143934645
iid,mondrian,oracle,0.1,0.9110849858281166,7.0466073969255,143934645
iid,mondrian,oracle,0.2,0.8220920543486941,5.084576721169923,143934645
iid,severity,deployable,0.05,0.9983539881549164,8.763283175657904,1160988
iid,severity,deployable,0.1,0.9983539881549164,8.684608910695813,1160988
iid,severity,deployable,0.2,0.9983539881549164,8.604869180479021,1160988
iid,severity,oracle,0.05,0.9758819844937263,9.310067489392864,143934645
iid,severity,oracle,0.1,0.9326836495827673,7.653089021854971,143934645
iid,severity,oracle,0.2,0.8513747333034378,5.620845313157406,143934645
iid,conservative,deployable,0.05,0.9999569332327294,24.232091903686523,1160988
iid,conservative,deployable,0.1,0.999467694756535,24.177465438842773,1160988
iid,conservative,deployable,0.2,0.999052531120046,24.122112274169922,1160988
iid,conservative,oracle,0.05,0.9830417826090445,9.75410270690918,143934645
iid,conservative,oracle,0.1,0.9374520706950019,7.805403709411621,143934645
iid,conservative,oracle,0.2,0.8548922880936691,5.69389533996582,143934645
ood,scp,deployable,0.05,0.999798448305247,24.075422286987305,2763559
ood,scp,deployable,0.1,0.9731867494053863,0.5304216146469116,2763559
ood,scp,deployable,0.2,0.8216607642536309,0.31277427077293396,2763559
ood,scp,oracle,0.05,0.9899772830135819,9.452037811279297,374944539
ood,scp,oracle,0.1,0.9558149212035864,7.6669535636901855,374944539
ood,scp,oracle,0.2,0.8777993776834285,5.604361057281494,374944539
ood,nec,deployable,0.05,0.99979410607843,24.148875834636712,2763559
ood,nec,deployable,0.1,0.9732725083850209,0.5318915945172888,2763559
ood,nec,deployable,0.2,0.8217599117659511,0.3128667324797432,2763559
ood,nec,oracle,0.05,0.9044644813455998,6.377466052285879,374944539
ood,nec,oracle,0.1,0.8125052329405976,4.53800036618304,374944539
ood,nec,oracle,0.2,0.649295905600588,2.872795929929491,374944539
ood,nec_recal,deployable,0.05,0.999964538480995,24.308384489973637,2763559
ood,nec_recal,deployable,0.1,0.9999272677008162,24.253586040018558,2763559
ood,nec_recal,deployable,0.2,0.9998769702401866,24.197325767720425,2763559
ood,nec_recal,oracle,0.05,0.8019985777149831,4.390721759355146,374944539
ood,nec_recal,oracle,0.1,0.6776698673293652,3.0957133493517173,374944539
ood,nec_recal,oracle,0.2,0.5211503933919144,2.0371851927457714,374944539
ood,mondrian,deployable,0.05,0.999964538480995,24.232091903686523,2763559
ood,mondrian,deployable,0.1,0.9999272677008162,24.177465438842773,2763559
ood,mondrian,deployable,0.2,0.9998784176491257,24.122112274169922,2763559
ood,mondrian,oracle,0.05,0.9927089883552085,9.75410270690918,374944539
ood,mondrian,oracle,0.1,0.9596073594233626,7.805403709411621,374944539
ood,mondrian,oracle,0.2,0.8821739686679367,5.69389533996582,374944539
ood,severity,deployable,0.05,0.9995867647479211,20.53017300144741,2763559
ood,severity,deployable,0.1,0.9995867647479211,20.490527887505216,2763559
ood,severity,deployable,0.2,0.9995867647479211,20.44216627618622,2763559
ood,severity,oracle,0.05,0.9860618959434958,9.10643020222188,374944539
ood,severity,oracle,0.1,0.9430586799398617,7.240318574518924,374944539
ood,severity,oracle,0.2,0.848485615628609,5.069655764345511,374944539
ood,conservative,deployable,0.05,0.999964538480995,24.232091903686523,2763559
ood,conservative,deployable,0.1,0.9999272677008162,24.177465438842773,2763559
ood,conservative,deployable,0.2,0.9998784176491257,24.122112274169922,2763559
ood,conservative,oracle,0.05,0.9927089883552085,9.75410270690918,374944539
ood,conservative,oracle,0.1,0.9596073594233626,7.805403709411621,374944539
ood,conservative,oracle,0.2,0.8821739686679367,5.69389533996582,374944539
