target,param_id,real_id,mean_plume_ssim,mean_global_ssim,plume_total_std_log,plume_epistemic_std_log,mean_total_std_log
train,param_000,real_001,0.41500750115487556,0.7737700615858186,0.2036001592874527,0.2036001592874527,0.19436491891741753
train,param_000,real_002,0.4009538420167327,0.7674873792245007,0.20351776011288167,0.20351776011288167,0.19556394904851915
train,param_000,real_003,0.4027404755905431,0.7735031942745807,0.20396280273795128,0.20396280273795128,0.1955406618118286
train,param_000,real_004,0.4103143545295147,0.7751345321643399,0.20343482702970506,0.20343482702970506,0.19401143807441257
train,param_000,real_005,0.41971066157740444,0.7757944961073513,0.20378936141729354,0.20378936141729354,0.1936890922613641
train,param_001,real_001,0.42780804103920755,0.7788639617998412,0.2041988864541054,0.2041988864541054,0.19436491891741753
train,param_001,real_002,0.4305213002752791,0.7789683282497887,0.20407629936933516,0.20407629936933516,0.19556394904851915
train,param_001,real_003,0.41892342616710804,0.7792427447485822,0.2044766152650118,0.2044766152650118,0.1955406618118286
train,param_001,real_004,0.4227129731690388,0.7800250176039378,0.20406590431928634,0.20406590431928634,0.19401143807441257
train,param_001,real_005,0.43281561154148585,0.7812284379212461,0.20442022144794464,0.20442022144794464,0.1936890922613641
train,param_002,real_001,0.44868344813948835,0.7787260730842921,0.20469981029629708,0.20469981029629708,0.19436491891741753
train,param_002,real_002,0.4513948054083461,0.7789230002417099,0.2045020131766796,0.2045020131766796,0.19556394904851915
train,param_002,real_003,0.4274263802344416,0.7753662208100498,0.2051941964775324,0.2051941964775324,0.1955406618118286
train,param_002,real_004,0.4429616873390269,0.7800749862638595,0.2046370515227318,0.2046370515227318,0.19401143807441257
train,param_002,real_005,0.4556822890849058,0.7813487004826087,0.20489560648798943,0.20489560648798943,0.1936890922613641
train,param_003,real_001,0.5245082230043601,0.8156680426187247,0.20843184173107146,0.20843184173107146,0.19436491891741753
train,param_003,real_002,0.5152235235420309,0.8071960146380257,0.20824813410639764,0.20824813410639764,0.19556394904851915
train,param_003,real_003,0.5215897278292715,0.8166690985712174,0.20905909538269044,0.20905909538269044,0.1955406618118286
train,param_003,real_004,0.521280622929269,0.8163187189719701,0.20856769129633904,0.20856769129633904,0.19401143807441257
train,param_003,real_005,0.5274503248275476,0.816939507775696,0.20920343816280365,0.20920343816280365,0.1936890922613641
train,param_004,real_001,0.6141087017060716,0.8378388902523888,0.21160613268613815,0.21160613268613815,0.19436491891741753
train,param_004,real_002,0.615096937499573,0.8380101997140588,0.21105122596025466,0.21105122596025466,0.19556394904851915
train,param_004,real_003,0.6096901733464665,0.8402802261892296,0.21229369550943375,0.21229369550943375,0.1955406618118286
train,param_004,real_004,0.6129868240693598,0.8399928934032959,0.2119427329301834,0.2119427329301834,0.19401143807441257
train,param_004,real_005,0.622258894954419,0.8418759247728217,0.21247672736644746,0.21247672736644746,0.1936890922613641
train,param_005,real_001,0.7074186513512081,0.8648260771887393,0.2173864185810089,0.2173864185810089,0.19436491891741753
train,param_005,real_002,0.7064521642874532,0.8647146338307321,0.21750685960054397,0.21750685960054397,0.19556394904851915
train,param_005,real_003,0.7017501068415116,0.8628349641775539,0.21831088453531267,0.21831088453531267,0.1955406618118286
train,param_005,real_004,0.7041027594530936,0.8641447874768252,0.21712570816278456,0.21712570816278456,0.19401143807441257
train,param_005,real_005,0.7039492263102691,0.8632890247189465,0.21711158245801926,0.21711158245801926,0.1936890922613641
train,param_006,real_001,0.4338180266319212,0.7544472658926815,0.18585499584674836,0.18585499584674836,0.18044768630468752
train,param_006,real_002,0.42729105801434175,0.7555899991087608,0.1902708226442337,0.1902708226442337,0.1891669923363952
train,param_006,real_003,0.40306785512058885,0.75689158774274,0.19955262303352356,0.19955262303352356,0.19620459961559392
train,param_006,real_004,0.4225282731187124,0.7595216412316447,0.18983793556690215,0.18983793556690215,0.18816437844652684
train,param_006,real_005,0.450375231725075,0.7619334719316135,0.19645170331001283,0.19645170331001283,0.19207334396021905
train,param_007,real_001,0.4482844407710022,0.7602405211789087,0.18620800852775574,0.18620800852775574,0.18044768630468752
train,param_007,real_002,0.44197005242840637,0.7612521280240914,0.19073198795318602,0.19073198795318602,0.1891669923363952
train,param_007,real_003,0.4202680688231017,0.7632101286058075,0.2000735241174698,0.2000735241174698,0.19620459961559392
train,param_007,real_004,0.437184100642165,0.7652075994839451,0.19050082981586455,0.19050082981586455,0.18816437844652684
train,param_007,real_005,0.462454711095098,0.7675080021569296,0.19706418573856355,0.19706418573856355,0.19207334396021905
train,param_008,real_001,0.46321624562242186,0.7609275434741996,0.186360941529274,0.186360941529274,0.18044768630468752
train,param_008,real_002,0.4610356371527448,0.7620151568781991,0.19041448950767517,0.19041448950767517,0.1891669923363952
train,param_008,real_003,0.43299912149804337,0.7644179461671818,0.20009553104639052,0.20009553104639052,0.19620459961559392
train,param_008,real_004,0.45807763436695376,0.7668559378813726,0.1908497416973114,0.1908497416973114,0.18816437844652684
train,param_008,real_005,0.4827841050460338,0.7694495363791712,0.19716577768325805,0.19716577768325805,0.19207334396021905
train,param_009,real_001,0.5326746574555312,0.793912914865895,0.1884749037027359,0.1884749037027359,0.18044768630468752
train,param_009,real_002,0.5316700854271247,0.7947508591009698,0.19282157897949218,0.19282157897949218,0.1891669923363952
train,param_009,real_003,0.5163591776533475,0.7962118796394663,0.20367587238550186,0.20367587238550186,0.19620459961559392
train,param_009,real_004,0.524494194826191,0.7969776443884071,0.19391274809837342,0.19391274809837342,0.18816437844652684
train,param_009,real_005,0.5348463292222694,0.7972648540759621,0.200443354845047,0.200443354845047,0.19207334396021905
train,param_010,real_001,0.6287915591753362,0.8282323465406107,0.19215850280132143,0.19215850280132143,0.18044768630468752
train,param_010,real_002,0.6371450384454456,0.8305062693202838,0.19467185511932597,0.19467185511932597,0.1891669923363952
train,param_010,real_003,0.613625718037564,0.8325601150650925,0.2067254501581192,0.2067254501581192,0.19620459961559392
train,param_010,real_004,0.6349852592833289,0.8338269441652696,0.19836531221866607,0.19836531221866607,0.18816437844652684
train,param_010,real_005,0.6477178312481758,0.8368331506253179,0.20428881227970122,0.20428881227970122,0.19207334396021905
train,param_011,real_001,0.7231775073797838,0.8685744148668246,0.19734125699731522,0.19734125699731522,0.18044768630468752
train,param_011,real_002,0.7197886609054917,0.8671506938612917,0.2027514672279358,0.2027514672279358,0.1891669923363952
train,param_011,real_003,0.7057249598627194,0.861467818283563,0.21436379015445708,0.21436379015445708,0.19620459961559392
train,param_011,real_004,0.7135695494868648,0.8650403174943821,0.202725151181221,0.202725151181221,0.18816437844652684
train,param_011,real_005,0.7091822735973203,0.8617140751213002,0.20835624873638153,0.20835624873638153,0.19207334396021905
train,param_018,real_001,0.41656400451440845,0.7713488688526415,0.2017456302046776,0.2017456302046776,0.19273222481599078
train,param_018,real_002,0.4110138708241384,0.7691513463471524,0.20136490046977998,0.20136490046977998,0.19301349328365178
train,param_018,real_003,0.3901702270090517,0.769715253856164,0.20310577839612962,0.20310577839612962,0.19619741555768996
train,param_018,real_004,0.416684398089416,0.7722223604781078,0.1995565962791443,0.1995565962791443,0.18937209025025367
train,param_018,real_005,0.42275296591726624,0.7743847697157342,0.2011479413509369,0.2011479413509369,0.19305530657060443
train,param_019,real_001,0.4288053547184842,0.7764258600835184,0.2023816868662834,0.2023816868662834,0.19273222481599078
train,param_019,real_002,0.42473503256326106,0.7741455038080772,0.20185057640075685,0.20185057640075685,0.19301349328365178
train,param_019,real_003,0.406724392201835,0.7752718331778239,0.20355661004781722,0.20355661004781722,0.19619741555768996
train,param_019,real_004,0.42718764629542405,0.7770573464091585,0.20016040980815888,0.20016040980815888,0.18937209025025367
train,param_019,real_005,0.4350713008896738,0.7796010814661272,0.2018778571486473,0.2018778571486473,0.19305530657060443
train,param_020,real_001,0.44821085493243795,0.7763034334758311,0.2026859337091446,0.2026859337091446,0.19273222481599078
train,param_020,real_002,0.4459869740290214,0.7739727861407542,0.2020230135321617,0.2020230135321617,0.19301349328365178
train,param_020,real_003,0.42559726148497484,0.7751658416277575,0.20399533629417418,0.20399533629417418,0.19619741555768996
train,param_020,real_004,0.4483910881803777,0.7771645707074076,0.20063398659229278,0.20063398659229278,0.18937209025025367
train,param_020,real_005,0.45626784103261575,0.7797854487972157,0.2024245697259903,0.2024245697259903,0.19305530657060443
train,param_021,real_001,0.5226266510348317,0.811961178154067,0.2064329332113266,0.2064329332113266,0.19273222481599078
train,param_021,real_002,0.520822172470711,0.8107995391304196,0.2052905523777008,0.2052905523777008,0.19301349328365178
train,param_021,real_003,0.515982117789599,0.8134145622211573,0.20819489419460296,0.20819489419460296,0.19619741555768996
train,param_021,real_004,0.5272961103247259,0.8132039137066911,0.2044599783420563,0.2044599783420563,0.18937209025025367
train,param_021,real_005,0.5295434767829035,0.8140724236883966,0.2071395257115364,0.2071395257115364,0.19305530657060443
train,param_022,real_001,0.6147961446964771,0.8355395817123841,0.20896051418734715,0.20896051418734715,0.19273222481599078
train,param_022,real_002,0.6090986910865704,0.8321229221545239,0.20739544134528842,0.20739544134528842,0.19301349328365178
train,param_022,real_003,0.6046606868318731,0.8372014286481004,0.21137069344520568,0.21137069344520568,0.19619741555768996
train,param_022,real_004,0.6189136772206578,0.8371992858454002,0.20765578783582897,0.20765578783582897,0.18937209025025367
train,param_022,real_005,0.6278940151298095,0.8403706217327083,0.21039981364039703,0.21039981364039703,0.19305530657060443
train,param_023,real_001,0.7077905810963122,0.865605596249724,0.21467738330597058,0.21467738330597058,0.19273222481599078
train,param_023,real_002,0.7092033212562892,0.8661912041518168,0.21433536011420073,0.21433536011420073,0.19301349328365178
train,param_023,real_003,0.7022974217075386,0.8628324011241201,0.2185254216194153,0.2185254216194153,0.19619741555768996
train,param_023,real_004,0.7102982272539248,0.8653289613073859,0.21187439179979264,0.21187439179979264,0.18937209025025367
train,param_023,real_005,0.70534991403804,0.8621815142276403,0.215544006745331,0.215544006745331,0.19305530657060443
train,param_024,real_001,0.4269387148280815,0.7546472144236475,0.1780048906803131,0.1780048906803131,0.17607235365081578
train,param_024,real_002,0.42592580348888076,0.7503960644098246,0.18116800010204315,0.18116800010204315,0.1820692299725488
train,param_024,real_003,0.38528478591930304,0.7515802188270773,0.1974734354019165,0.1974734354019165,0.2046792095527053
train,param_024,real_004,0.4420740894560386,0.7577548111455134,0.18396307826042174,0.18396307826042174,0.184798478144221
train,param_024,real_005,0.45417155970100004,0.7600544419613045,0.19637784898281097,0.19637784898281097,0.1943486879300326
train,param_025,real_001,0.4437547880437883,0.7612596029621937,0.17849997222423553,0.17849997222423553,0.17607235365081578
train,param_025,real_002,0.4404608069088651,0.7565453522226633,0.18155752539634704,0.18155752539634704,0.1820692299725488
train,param_025,real_003,0.4029844626900061,0.7581444510993011,0.1979832434654236,0.1979832434654236,0.2046792095527053
train,param_025,real_004,0.45757429685294604,0.7646084955529489,0.1852037191390991,0.1852037191390991,0.184798478144221
train,param_025,real_005,0.4666447738347766,0.7658304133110724,0.19685674846172332,0.19685674846172332,0.1943486879300326
train,param_026,real_001,0.4576526195924573,0.7615137498589718,0.1782543784379959,0.1782543784379959,0.17607235365081578
train,param_026,real_002,0.4551232545273697,0.7567002238174793,0.18131330609321594,0.18131330609321594,0.1820692299725488
train,param_026,real_003,0.4172538433753318,0.7589328127216278,0.19812221705913544,0.19812221705913544,0.2046792095527053
train,param_026,real_004,0.4761989196853711,0.765688375444492,0.18580928087234497,0.18580928087234497,0.184798478144221
train,param_026,real_005,0.4893124495569728,0.7674400224214493,0.19754081726074219,0.19754081726074219,0.1943486879300326
train,param_027,real_001,0.5033451808010302,0.7736683645717294,0.18132032573223114,0.18132032573223114,0.17607235365081578
train,param_027,real_002,0.5289532298278364,0.7897347037172646,0.1833801293373108,0.1833801293373108,0.1820692299725488
train,param_027,real_003,0.5052108599750873,0.7918542817479255,0.20254332840442657,0.20254332840442657,0.2046792095527053
train,param_027,real_004,0.5435011910980992,0.7958863810708395,0.1890020078420639,0.1890020078420639,0.184798478144221
train,param_027,real_005,0.543304766994366,0.7949077575965922,0.20056961178779603,0.20056961178779603,0.1943486879300326
train,param_028,real_001,0.6338544918403151,0.8292162481055755,0.18188679669983684,0.18188679669983684,0.17607235365081578
train,param_028,real_002,0.6330812750928825,0.8258164396830986,0.1848795230642281,0.1848795230642281,0.1820692299725488
train,param_028,real_003,0.6027877972677467,0.8244147969803517,0.20609379708766937,0.20609379708766937,0.2046792095527053
train,param_028,real_004,0.6530611618808435,0.8326517069263837,0.19362724958220498,0.19362724958220498,0.184798478144221
train,param_028,real_005,0.66243457430218,0.833984801679433,0.205538330078125,0.205538330078125,0.1943486879300326
train,param_029,real_001,0.6950270411529413,0.844710863678873,0.18638806119095533,0.18638806119095533,0.17607235365081578
train,param_029,real_002,0.7225077118949702,0.8684085758817779,0.19160359056586457,0.19160359056586457,0.1820692299725488
train,param_029,real_003,0.700212129243987,0.8598613884623929,0.21538343489170075,0.21538343489170075,0.2046792095527053
train,param_029,real_004,0.721756174618442,0.8650047187119898,0.19603850148516358,0.19603850148516358,0.184798478144221
train,param_029,real_005,0.7054336062211264,0.854792286340167,0.20832140982151032,0.20832140982151032,0.1943486879300326
train,param_036,real_001,0.41333960095339894,0.772608556875567,0.1989255192875862,0.1989255192875862,0.19071950594894588
train,param_036,real_002,0.3962760267148595,0.7678146057935674,0.20221251308917998,0.20221251308917998,0.19108772297855467
train,param_036,real_003,0.39587107303159763,0.7718210299749585,0.20247676998376846,0.20247676998376846,0.19824175159679724
train,param_036,real_004,0.4123488350113939,0.7690050283389636,0.19453928709030152,0.19453928709030152,0.18202642096206545
train,param_036,real_005,0.4122124836839629,0.7724285014812571,0.19832173019647598,0.19832173019647598,0.19069176170043647
train,param_037,real_001,0.4236534052554844,0.7777263031895817,0.19946742594242095,0.19946742594242095,0.19071950594894588
train,param_037,real_002,0.4101218120944828,0.7722807602135862,0.20273626536130906,0.20273626536130906,0.19108772297855467
train,param_037,real_003,0.40763271969734743,0.7761424931686359,0.20293647646903992,0.20293647646903992,0.19824175159679724
train,param_037,real_004,0.42400067126143837,0.7745247723791817,0.19509344279766083,0.19509344279766083,0.18202642096206545
train,param_037,real_005,0.42186803150564034,0.77681186599956,0.1989184635877609,0.1989184635877609,0.19069176170043647
train,param_038,real_001,0.44571073527579663,0.7778038465059381,0.19977261930704115,0.19977261930704115,0.19071950594894588
train,param_038,real_002,0.43060325370318836,0.7718889723818846,0.20287831276655197,0.20287831276655197,0.19108772297855467
train,param_038,real_003,0.4300678818331297,0.7762665251713201,0.20377101749181747,0.20377101749181747,0.19824175159679724
train,param_038,real_004,0.4437817603083659,0.7744709615382943,0.19550003468990326,0.19550003468990326,0.18202642096206545
train,param_038,real_005,0.44554793288021777,0.7768829346987212,0.19959080189466477,0.19959080189466477,0.19069176170043647
train,param_039,real_001,0.5208023276246927,0.8134908053816295,0.20406667828559877,0.20406667828559877,0.19071950594894588
train,param_039,real_002,0.5117144134546444,0.8098465045178213,0.20625481277704238,0.20625481277704238,0.19108772297855467
train,param_039,real_003,0.5138242464008556,0.8130699415276174,0.20785941392183305,0.20785941392183305,0.19824175159679724
train,param_039,real_004,0.5302671410213854,0.8119151346568577,0.19951650857925415,0.19951650857925415,0.18202642096206545
train,param_039,real_005,0.5213401107834106,0.8123837089488066,0.20415131837129594,0.20415131837129594,0.19069176170043647
train,param_040,real_001,0.6189488298316118,0.8398901567678575,0.20657457758381498,0.20657457758381498,0.19071950594894588
train,param_040,real_002,0.5938887703516602,0.8275821177541226,0.20809682309627534,0.20809682309627534,0.19108772297855467
train,param_040,real_003,0.604843016295638,0.8361371721432882,0.2121696674823761,0.2121696674823761,0.19824175159679724
train,param_040,real_004,0.6204169422706588,0.836067113108302,0.20269947599619628,0.20269947599619628,0.18202642096206545
train,param_040,real_005,0.6155518308280884,0.8355129325334056,0.20767534685553982,0.20767534685553982,0.19069176170043647
train,param_041,real_001,0.7023475621708785,0.8622062561586297,0.2113012816113769,0.2113012816113769,0.19071950594894588
train,param_041,real_002,0.7100162285016564,0.8683002703807537,0.21487074643373488,0.21487074643373488,0.19108772297855467
train,param_041,real_003,0.7011483957510795,0.8617338590157405,0.22018280267715454,0.22018280267715454,0.19824175159679724
train,param_041,real_004,0.7149197377123698,0.8662628428609769,0.20395265489816666,0.20395265489816666,0.18202642096206545
train,param_041,real_005,0.7043263418496523,0.8624837422212818,0.21240083516284358,0.21240083516284358,0.19069176170043647
train,param_042,real_001,0.4184290242618335,0.757680062834904,0.167986176609993,0.167986176609993,0.16259109218837695
train,param_042,real_002,0.39703690836888694,0.7473363221257909,0.17780267596244811,0.17780267596244811,0.17644860728876666
train,param_042,real_003,0.38797605823786696,0.7551605181090365,0.18037236273288726,0.18037236273288726,0.1904197058023419
train,param_042,real_004,0.4599032899020403,0.7549312018064451,0.16783152937889098,0.16783152937889098,0.16118894124403596
train,param_042,real_005,0.42169506673222323,0.7545450351427354,0.19607292741537094,0.19607292741537094,0.19280160205904395
train,param_043,real_001,0.4339564024015632,0.7646734115096174,0.16833744704723358,0.16833744704723358,0.16259109218837695
train,param_043,real_002,0.4115876643036858,0.7524261828194777,0.17796215713024138,0.17796215713024138,0.17644860728876666
train,param_043,real_003,0.3999573011955267,0.759715916981557,0.18081333845853806,0.18081333845853806,0.1904197058023419
train,param_043,real_004,0.469644479243183,0.7626717328561307,0.1680813956260681,0.1680813956260681,0.16118894124403596
train,param_043,real_005,0.4342036407198828,0.7598042672964369,0.19736717492341996,0.19736717492341996,0.19280160205904395
train,param_044,real_001,0.4569454668111932,0.7655157027019384,0.168263281583786,0.168263281583786,0.16259109218837695
train,param_044,real_002,0.4267551943593489,0.7516666897429848,0.1781975245475769,0.1781975245475769,0.17644860728876666
train,param_044,real_003,0.4236374438078409,0.7610497387880675,0.18211439937353135,0.18211439937353135,0.1904197058023419
train,param_044,real_004,0.48389026909445837,0.7618182788554665,0.16805702805519104,0.16805702805519104,0.16118894124403596
train,param_044,real_005,0.4584460263141804,0.7604644799211897,0.19716757029294968,0.19716757029294968,0.19280160205904395
train,param_045,real_001,0.5188469966685073,0.7953940927521091,0.17139708876609802,0.17139708876609802,0.16259109218837695
train,param_045,real_002,0.4987433538626256,0.783763399138357,0.181022025346756,0.181022025346756,0.17644860728876666
train,param_045,real_003,0.49924461574175255,0.7929836661969774,0.18564443975687028,0.18564443975687028,0.1904197058023419
train,param_045,real_004,0.5635646617097825,0.7968927751131817,0.17140276610851288,0.17140276610851288,0.16118894124403596
train,param_045,real_005,0.518924185751997,0.789986252516255,0.20193280071020125,0.20193280071020125,0.19280160205904395
train,param_046,real_001,0.6384014128930782,0.8339296141614441,0.17294450402259826,0.17294450402259826,0.16259109218837695
train,param_046,real_002,0.5940145944408073,0.8094785131539716,0.18314897179603576,0.18314897179603576,0.17644860728876666
train,param_046,real_003,0.6012784241190414,0.8231229101032733,0.19328880846500396,0.19328880846500396,0.1904197058023419
train,param_046,real_004,0.6572844487132781,0.830645117665187,0.1726063167862594,0.1726063167862594,0.16118894124403596
train,param_046,real_005,0.6305709396258246,0.8180703122961749,0.2023028039932251,0.2023028039932251,0.19280160205904395
train,param_047,real_001,0.7038983949825647,0.8596501056006954,0.17328976035118104,0.17328976035118104,0.16259109218837695
train,param_047,real_002,0.7202290173595617,0.8736537744617803,0.1889783412218094,0.1889783412218094,0.17644860728876666
train,param_047,real_003,0.6940961321467625,0.8544904756555561,0.19850813925266267,0.19850813925266267,0.1904197058023419
train,param_047,real_004,0.7341102929237836,0.8648613748518512,0.17010888292454182,0.17010888292454182,0.16118894124403596
train,param_047,real_005,0.6854488922652523,0.8385444071696366,0.20856769055128097,0.20856769055128097,0.19280160205904395
train,param_054,real_001,0.40053080364456406,0.7692789068444134,0.20301183715462684,0.20301183715462684,0.1940131276534521
train,param_054,real_002,0.39804151290699197,0.7679780538864825,0.20171957314014435,0.20171957314014435,0.19457433970652346
train,param_054,real_003,0.38078143078418436,0.7676473031357645,0.2023234760761261,0.2023234760761261,0.1962057910929434
train,param_054,real_004,0.40281935854616646,0.7705352300439193,0.20187178045511245,0.20187178045511245,0.19169614608050323
train,param_054,real_005,0.40745036852450717,0.7708005882476625,0.2040596956014633,0.2040596956014633,0.19521234496263787
train,param_055,real_001,0.42160796843013015,0.7761235311493848,0.20374940380454062,0.20374940380454062,0.1940131276534521
train,param_055,real_002,0.4190528866355849,0.774604188356675,0.2022798678278923,0.2022798678278923,0.19457433970652346
train,param_055,real_003,0.4038981299963143,0.7747366718709169,0.2028587555885315,0.2028587555885315,0.1962057910929434
train,param_055,real_004,0.4240699564394222,0.7774853806922066,0.20253839522600173,0.20253839522600173,0.19169614608050323
train,param_055,real_005,0.42799339457277513,0.7781879188775477,0.20473722666501998,0.20473722666501998,0.19521234496263787
train,param_056,real_001,0.4403147039754628,0.7756898421321483,0.20412112951278685,0.20412112951278685,0.1940131276534521
train,param_056,real_002,0.4371563003372883,0.7741866818965326,0.2026576082408428,0.2026576082408428,0.19457433970652346
train,param_056,real_003,0.42287602416581005,0.7743871935015366,0.20335549905896186,0.20335549905896186,0.1962057910929434
train,param_056,real_004,0.4429880437762912,0.7772820998592158,0.2031872761249542,0.2031872761249542,0.19169614608050323
train,param_056,real_005,0.4472765283252878,0.7780349891711132,0.20534940153360368,0.20534940153360368,0.19521234496263787
train,param_057,real_001,0.5254240430623195,0.8142701016525047,0.20781055688858033,0.20781055688858033,0.1940131276534521
train,param_057,real_002,0.5229182531131936,0.8131991422688486,0.20608962714672088,0.20608962714672088,0.19457433970652346
train,param_057,real_003,0.5183024424656949,0.8150361740650129,0.20743390932679176,0.20743390932679176,0.1962057910929434
train,param_057,real_004,0.5271829932958244,0.8150224565110041,0.2070862865447998,0.2070862865447998,0.19169614608050323
train,param_057,real_005,0.5303585821674389,0.815393070656458,0.20998288780450822,0.20998288780450822,0.19521234496263787
train,param_058,real_001,0.61272788480719,0.8362378717772784,0.2105219441652298,0.2105219441652298,0.1940131276534521
train,param_058,real_002,0.6087887448238656,0.8335231705204217,0.2087996906042099,0.2087996906042099,0.19457433970652346
train,param_058,real_003,0.6044642600897636,0.8369916693715335,0.21081965953111648,0.21081965953111648,0.1962057910929434
train,param_058,real_004,0.6164763672057176,0.8376071283313563,0.21053494453430177,0.21053494453430177,0.19169614608050323
train,param_058,real_005,0.61965427735792,0.8394756809157273,0.21339069664478302,0.21339069664478302,0.19521234496263787
train,param_059,real_001,0.7094991657221444,0.8653687751862863,0.21670591711997986,0.21670591711997986,0.1940131276534521
train,param_059,real_002,0.7097762100791851,0.8667408363828599,0.2156747591495514,0.2156747591495514,0.19457433970652346
train,param_059,real_003,0.7044462121968322,0.864162144684635,0.21794827699661254,0.21794827699661254,0.1962057910929434
train,param_059,real_004,0.7108765056524327,0.8661500844311547,0.21508164286613465,0.21508164286613465,0.19169614608050323
train,param_059,real_005,0.707458430538111,0.8640633963736292,0.21887263149023056,0.21887263149023056,0.19521234496263787
train,param_060,real_001,0.406743581589673,0.7454519383270963,0.1798134607076645,0.1798134607076645,0.17706810295465403
train,param_060,real_002,0.39091793380834966,0.7459907924452748,0.1823803150653839,0.1823803150653839,0.18400262699928135
train,param_060,real_003,0.37783833523237526,0.7424681505897732,0.1919091346859932,0.1919091346859932,0.19559338547755034
train,param_060,real_004,0.4025048135916451,0.745750783534771,0.19018232703208923,0.19018232703208923,0.18726443128893153
train,param_060,real_005,0.424893216330892,0.7509925060575917,0.192864853143692,0.192864853143692,0.18915346621419304
train,param_061,real_001,0.4317008416839769,0.7545941621145402,0.180250186920166,0.180250186920166,0.17706810295465403
train,param_061,real_002,0.41909684347337445,0.754366972609531,0.182899349629879,0.182899349629879,0.18400262699928135
train,param_061,real_003,0.4006750504308609,0.751082627945315,0.19188805490732194,0.19188805490732194,0.19559338547755034
train,param_061,real_004,0.443155664531069,0.7614555410317236,0.1909606486558914,0.1909606486558914,0.18726443128893153
train,param_061,real_005,0.45023341142291556,0.7605065097815448,0.1935373330116272,0.1935373330116272,0.18915346621419304
train,param_062,real_001,0.44587331593338303,0.7544918090027737,0.18049067854881287,0.18049067854881287,0.17706810295465403
train,param_062,real_002,0.43198524450725045,0.7517860837406167,0.18376877129077912,0.18376877129077912,0.18400262699928135
train,param_062,real_003,0.41853477680653045,0.7511776531783529,0.19222330719232558,0.19222330719232558,0.19559338547755034
train,param_062,real_004,0.45820602776482494,0.7623079762163358,0.192228479385376,0.192228479385376,0.18726443128893153
train,param_062,real_005,0.43230005108250064,0.7386156644555137,0.19506936252117157,0.19506936252117157,0.18915346621419304
train,param_063,real_001,0.5259097748748456,0.7860725383623389,0.18277932286262513,0.18277932286262513,0.17706810295465403
train,param_063,real_002,0.5286429948492044,0.7905965571030618,0.18501170009374618,0.18501170009374618,0.18400262699928135
train,param_063,real_003,0.5125459820835521,0.7933839341393869,0.19518404483795165,0.19518404483795165,0.19559338547755034
train,param_063,real_004,0.5451224210068595,0.7975818910884036,0.19468342304229735,0.19468342304229735,0.18726443128893153
train,param_063,real_005,0.5475579622753671,0.7977003940976719,0.19788377106189728,0.19788377106189728,0.18915346621419304
train,param_064,real_001,0.6251186131751346,0.8271071320370901,0.18517623536172323,0.18517623536172323,0.17706810295465403
train,param_064,real_002,0.6178591970228685,0.8248930038208505,0.18811072574640775,0.18811072574640775,0.18400262699928135
train,param_064,real_003,0.6070243802291114,0.823396994632416,0.19970061957836152,0.19970061957836152,0.19559338547755034
train,param_064,real_004,0.6376014427336613,0.8324913854678858,0.20106958150863646,0.20106958150863646,0.18726443128893153
train,param_064,real_005,0.6398435287943653,0.8241256094345012,0.20216237843036652,0.20216237843036652,0.18915346621419304
train,param_065,real_001,0.7357434586378448,0.8738849244519296,0.18979162603107397,0.18979162603107397,0.17706810295465403
train,param_065,real_002,0.7342643827219498,0.8780229380442262,0.19435653567314148,0.19435653567314148,0.18400262699928135
train,param_065,real_003,0.7247694242180907,0.8723972205777122,0.20657129168510438,0.20657129168510438,0.19559338547755034
train,param_065,real_004,0.7315573883305116,0.8735576759231174,0.20252230167388915,0.20252230167388915,0.18726443128893153
train,param_065,real_005,0.7305793170974679,0.8677248789388642,0.20588378190994264,0.20588378190994264,0.18915346621419304
train,param_072,real_001,0.40151459259342137,0.7690960763293644,0.20155423104763032,0.20155423104763032,0.1936310207413044
train,param_072,real_002,0.3959910177455893,0.7663990852350561,0.20011004984378813,0.20011004984378813,0.19104811319732107
train,param_072,real_003,0.3789284647156753,0.7676073850277727,0.20232681393623353,0.20232681393623353,0.19466007597511634
train,param_072,real_004,0.40865295660586276,0.7692220757555327,0.1981422185897827,0.1981422185897827,0.18692546749953182
train,param_072,real_005,0.4082222003965951,0.7705237822915304,0.20091793715953826,0.20091793715953826,0.19372720779734665
train,param_073,real_001,0.4201471721714212,0.7757340156075696,0.20225597351789473,0.20225597351789473,0.1936310207413044
train,param_073,real_002,0.4135003829143374,0.7722534628654409,0.2005947056412697,0.2005947056412697,0.19104811319732107
train,param_073,real_003,0.3990147000623553,0.7734494901658604,0.20283853828907014,0.20283853828907014,0.19466007597511634
train,param_073,real_004,0.4258496120020939,0.7754972987286242,0.19884624242782592,0.19884624242782592,0.18692546749953182
train,param_073,real_005,0.4270872947867544,0.7769592815013705,0.20162639766931534,0.20162639766931534,0.19372720779734665
train,param_074,real_001,0.44161975325512587,0.7754744382513337,0.20254881381988527,0.20254881381988527,0.1936310207413044
train,param_074,real_002,0.4335383843192121,0.7717910392522511,0.2007553568482399,0.2007553568482399,0.19104811319732107
train,param_074,real_003,0.42123502147492353,0.7732651328490324,0.20330934196710587,0.20330934196710587,0.19466007597511634
train,param_074,real_004,0.4443105151661048,0.7752849815793826,0.19938795149326324,0.19938795149326324,0.18692546749953182
train,param_074,real_005,0.4457393483200836,0.7768602449728185,0.20238098323345186,0.20238098323345186,0.19372720779734665
train,param_075,real_001,0.5218498266585928,0.8126545706121904,0.20636061817407608,0.20636061817407608,0.1936310207413044
train,param_075,real_002,0.518031940577579,0.8107911673051401,0.2038547095656395,0.2038547095656395,0.19104811319732107
train,param_075,real_003,0.5145620650844555,0.8137420343761756,0.20726722598075867,0.20726722598075867,0.19466007597511634
train,param_075,real_004,0.530142117142329,0.8135130223137861,0.20335533618927001,0.20335533618927001,0.18692546749953182
train,param_075,real_005,0.5288057208064972,0.8134558929152277,0.20711621165275573,0.20711621165275573,0.19372720779734665
train,param_076,real_001,0.6146587396799595,0.8360304386172096,0.2088703198566327,0.2088703198566327,0.1936310207413044
train,param_076,real_002,0.6019726661321306,0.8299139429484473,0.2059710689172789,0.2059710689172789,0.19104811319732107
train,param_076,real_003,0.6014525804306724,0.835372845934335,0.21059589922428132,0.21059589922428132,0.19466007597511634
train,param_076,real_004,0.6169535531621395,0.8354716559154746,0.2067226843861863,0.2067226843861863,0.18692546749953182
train,param_076,real_005,0.6196728130405285,0.8372895400992593,0.21095924152294174,0.21095924152294174,0.19372720779734665
train,param_077,real_001,0.7073931541371877,0.864921567110776,0.21505202651023864,0.21505202651023864,0.1936310207413044
train,param_077,real_002,0.6776135721792219,0.8339749202898726,0.21221021768005813,0.21221021768005813,0.19104811319732107
train,param_077,real_003,0.7039939885469234,0.8638813878155202,0.2173101159930229,0.2173101159930229,0.19466007597511634
train,param_077,real_004,0.7153921775853012,0.8672893977400936,0.2097480468498543,0.2097480468498543,0.18692546749953182
train,param_077,real_005,0.708772145867514,0.863707883264153,0.216678345023538,0.216678345023538,0.19372720779734665
train,param_078,real_001,0.40696411162613133,0.747545169078129,0.17552100121974945,0.17552100121974945,0.17627717078430577
train,param_078,real_002,0.3967518678946519,0.7440775753233043,0.17468874990940095,0.17468874990940095,0.17460707788821309
train,param_078,real_003,0.3589990458845838,0.7440412390309148,0.19272517859935762,0.19272517859935762,0.20042130229063332
train,param_078,real_004,0.4248108722048507,0.7473843730511647,0.17963442265987395,0.17963442265987395,0.17775136808515526
train,param_078,real_005,0.4133480014257984,0.7468513106862996,0.19447184205055237,0.19447184205055237,0.19045710543403402
train,param_079,real_001,0.43410017829224334,0.7568791766815376,0.17612493693828582,0.17612493693828582,0.17627717078430577
train,param_079,real_002,0.42436644589279626,0.7521055913723724,0.17487448990345,0.17487448990345,0.17460707788821309
train,param_079,real_003,0.3864441444162599,0.7522387432665907,0.1930343157052994,0.1930343157052994,0.20042130229063332
train,param_079,real_004,0.4477142224162874,0.7574106670473975,0.1810484677553177,0.1810484677553177,0.17775136808515526
train,param_079,real_005,0.4374717464520548,0.7564717643494384,0.19523148179054262,0.19523148179054262,0.19045710543403402
train,param_080,real_001,0.4464970332708583,0.7568137634000071,0.176093407869339,0.176093407869339,0.17627717078430577
train,param_080,real_002,0.43830268711230697,0.7520244818983816,0.174874364733696,0.174874364733696,0.17460707788821309
train,param_080,real_003,0.4036338005766183,0.7526692334453676,0.19347746372222902,0.19347746372222902,0.20042130229063332
train,param_080,real_004,0.45868196941642175,0.7577424824628523,0.18213098764419555,0.18213098764419555,0.17775136808515526
train,param_080,real_005,0.45875346117800736,0.7572093004833124,0.19631201326847075,0.19631201326847075,0.19045710543403402
train,param_081,real_001,0.5365572975487397,0.7941964264866663,0.17865364015102386,0.17865364015102386,0.17627717078430577
train,param_081,real_002,0.529522239234243,0.7906747483893382,0.17724111199378967,0.17724111199378967,0.17460707788821309
train,param_081,real_003,0.5031194766743123,0.7938480282173006,0.19678720742464065,0.19678720742464065,0.20042130229063332
train,param_081,real_004,0.5529017249690783,0.7970173068530555,0.18684361517429351,0.18684361517429351,0.17775136808515526
train,param_081,real_005,0.5456027471429572,0.7962583470189716,0.2000281858444214,0.2000281858444214,0.19045710543403402
train,param_082,real_001,0.6282033858772693,0.8283180537523503,0.1803894356067758,0.1803894356067758,0.17627717078430577
train,param_082,real_002,0.6149040320903684,0.8220392036418709,0.17884217143058778,0.17884217143058778,0.17460707788821309
train,param_082,real_003,0.596050469583786,0.8201579671139454,0.2012425595521927,0.2012425595521927,0.20042130229063332
train,param_082,real_004,0.630766866649187,0.8277007978520902,0.19140595350414513,0.19140595350414513,0.17775136808515526
train,param_082,real_005,0.6459952887075882,0.8281805840600412,0.20426459694761434,0.20426459694761434,0.19045710543403402
train,param_083,real_001,0.7270157004820611,0.8701545166742594,0.1850837168952421,0.1850837168952421,0.17627717078430577
train,param_083,real_002,0.7360527482001282,0.8786614655637197,0.18422652840614318,0.18422652840614318,0.17460707788821309
train,param_083,real_003,0.7165254859429353,0.8693926907435313,0.21012180030345917,0.21012180030345917,0.20042130229063332
train,param_083,real_004,0.7361022004201695,0.8724544497614779,0.19126757497811922,0.19126757497811922,0.17775136808515526
train,param_083,real_005,0.7255446130579922,0.8631299449603521,0.2069770747959228,0.2069770747959228,0.19045710543403402
train,param_090,real_001,0.40838204398252087,0.7714948947882408,0.20081575632095336,0.20081575632095336,0.19335086361970752
train,param_090,real_002,0.3871650100763649,0.7677503523671857,0.20230762988328935,0.20230762988328935,0.1924631294887513
train,param_090,real_003,0.39567565915310027,0.7718802420172771,0.20182892739772795,0.20182892739772795,0.19598790253163315
train,param_090,real_004,0.40513463977874126,0.7670276447684621,0.19789250016212465,0.19789250016212465,0.18320963811129332
train,param_090,real_005,0.40332940660978567,0.7706349372839876,0.1991040188074112,0.1991040188074112,0.19086570833344013
train,param_091,real_001,0.4233794955935203,0.7771110937610868,0.20134468644857406,0.20134468644857406,0.19335086361970752
train,param_091,real_002,0.403877162835374,0.7725891684930183,0.20291602432727815,0.20291602432727815,0.1924631294887513
train,param_091,real_003,0.4078830179809475,0.7762251738801609,0.20232733994722366,0.20232733994722366,0.19598790253163315
train,param_091,real_004,0.41892868795891547,0.7727286019249827,0.19851020157337187,0.19851020157337187,0.18320963811129332
train,param_091,real_005,0.41569471217787723,0.775527291366675,0.19971758633852005,0.19971758633852005,0.19086570833344013
train,param_092,real_001,0.44583142664034997,0.7772094650955566,0.20171744704246522,0.20171744704246522,0.19335086361970752
train,param_092,real_002,0.4223723426814053,0.7721608937598965,0.20310582369565963,0.20310582369565963,0.1924631294887513
train,param_092,real_003,0.4312853948024475,0.776326103663605,0.20312216460704804,0.20312216460704804,0.19598790253163315
train,param_092,real_004,0.43772236606186254,0.7725638986419336,0.1989315491914749,0.1989315491914749,0.18320963811129332
train,param_092,real_005,0.4385429135759999,0.7754399839770575,0.2004309904575348,0.2004309904575348,0.19086570833344013
train,param_093,real_001,0.5232728397826958,0.8138840686610497,0.20622970432043075,0.20622970432043075,0.19335086361970752
train,param_093,real_002,0.5089349261290147,0.8107332056427542,0.20665669441223145,0.20665669441223145,0.1924631294887513
train,param_093,real_003,0.5138017722668221,0.8136714715486213,0.20714033931493758,0.20714033931493758,0.19598790253163315
train,param_093,real_004,0.5294485754374908,0.8115982839355541,0.20323286771774293,0.20323286771774293,0.18320963811129332
train,param_093,real_005,0.5186266910269935,0.8124459427584919,0.20491826742887498,0.20491826742887498,0.19086570833344013
train,param_094,real_001,0.6208774927339598,0.8397005515119392,0.2089150878089731,0.2089150878089731,0.19335086361970752
train,param_094,real_002,0.5887118227135646,0.8280732359765193,0.20862452626228334,0.20862452626228334,0.1924631294887513
train,param_094,real_003,0.6051579945733697,0.8357607372540603,0.2112268841266632,0.2112268841266632,0.19598790253163315
train,param_094,real_004,0.6161926493090635,0.8340744403701063,0.206336022131145,0.206336022131145,0.18320963811129332
train,param_094,real_005,0.6085648503866731,0.8334007815127464,0.20843275527164223,0.20843275527164223,0.19086570833344013
train,param_095,real_001,0.7033059516531105,0.8616293455569681,0.21425687938928603,0.21425687938928603,0.19335086361970752
train,param_095,real_002,0.7100549801539197,0.8687513675213736,0.21576137453317643,0.21576137453317643,0.1924631294887513
train,param_095,real_003,0.7017645316105683,0.8620524348427618,0.218456426858902,0.218456426858902,0.19598790253163315
train,param_095,real_004,0.7168071637230105,0.8673831726484283,0.20748065777122973,0.20748065777122973,0.18320963811129332
train,param_095,real_005,0.7059210218198639,0.8642116794331447,0.21350872527104003,0.21350872527104003,0.19086570833344013
train,param_096,real_001,0.4165549726562521,0.7522511396709021,0.16749650120735168,0.16749650120735168,0.16247954163234682
train,param_096,real_002,0.38040802761348685,0.7476794120833087,0.17981941670179366,0.17981941670179366,0.17865486246269938
train,param_096,real_003,0.3824724215240798,0.7546077520312925,0.18070690244436263,0.18070690244436263,0.18835861696803477
train,param_096,real_004,0.43865554220956754,0.7475740546102456,0.16856988191604613,0.16856988191604613,0.15970669353380798
train,param_096,real_005,0.39260819714748574,0.7478427242906855,0.1922811135649681,0.1922811135649681,0.18904192513087764
train,param_097,real_001,0.43805300200516567,0.7601547770431546,0.16776259660720824,0.16776259660720824,0.16247954163234682
train,param_097,real_002,0.4000696781939335,0.7536203996499679,0.18025605380535126,0.18025605380535126,0.17865486246269938
train,param_097,real_003,0.3973677048245661,0.7597805305300409,0.18124931514263154,0.18124931514263154,0.18835861696803477
train,param_097,real_004,0.4505866285357015,0.7543778033103927,0.16878214240074157,0.16878214240074157,0.15970669353380798
train,param_097,real_005,0.4106651506663479,0.7549223763265303,0.19286129891872406,0.19286129891872406,0.18904192513087764
train,param_098,real_001,0.45744938491938664,0.7607623345679057,0.16768208742141724,0.16768208742141724,0.16247954163234682
train,param_098,real_002,0.41455193031293774,0.7528424505668468,0.18047524005174637,0.18047524005174637,0.17865486246269938
train,param_098,real_003,0.42147796087688344,0.7608203035797422,0.1828487518429756,0.1828487518429756,0.18835861696803477
train,param_098,real_004,0.45864714398981943,0.7529490013025728,0.16903124928474425,0.16903124928474425,0.15970669353380798
train,param_098,real_005,0.4284541016115685,0.7546545339646095,0.19278149276971818,0.19278149276971818,0.18904192513087764
train,param_099,real_001,0.535536675315713,0.7970721158700499,0.1712266504764557,0.1712266504764557,0.16247954163234682
train,param_099,real_002,0.5083902748314073,0.7914622596176996,0.18402881026268006,0.18402881026268006,0.17865486246269938
train,param_099,real_003,0.5066252287605938,0.7974435814963223,0.18631697803735733,0.18631697803735733,0.18835861696803477
train,param_099,real_004,0.5401199258893606,0.7946268694752112,0.16786117553710939,0.16786117553710939,0.1485863402020186
train,param_099,real_005,0.5142350063741471,0.7921181114611661,0.19795795083045958,0.19795795083045958,0.18904192513087764
train,param_100,real_001,0.6425647894211949,0.8327711282445946,0.17257242321968078,0.17257242321968078,0.16247954163234682
train,param_100,real_002,0.5902105154473669,0.8142095217209809,0.1864560604095459,0.1864560604095459,0.17865486246269938
train,param_100,real_003,0.6109537658830458,0.8256587428071775,0.1951244044303894,0.1951244044303894,0.18835861696803477
train,param_100,real_004,0.626919817043271,0.8198546547500382,0.17448559468612074,0.17448559468612074,0.15970669353380798
train,param_100,real_005,0.6162408963320871,0.8153507334102396,0.1985141772031784,0.1985141772031784,0.18904192513087764
train,param_101,real_001,0.7123279448353386,0.8608800477181174,0.17245760470628738,0.17245760470628738,0.16247954163234682
train,param_101,real_002,0.7250716162460974,0.8780985958268228,0.19263447135686873,0.19263447135686873,0.17865486246269938
train,param_101,real_003,0.701715156747332,0.8575704905440037,0.19900039404630662,0.19900039404630662,0.18835861696803477
train,param_101,real_004,0.7397679137302798,0.869172768403903,0.16988330034539104,0.16988330034539104,0.15970669353380798
train,param_101,real_005,0.7099818924594561,0.8639726244751073,0.205212479531765,0.205212479531765,0.18904192513087764
train,param_108,real_001,0.3930240334074718,0.7681652050708252,0.2035893689095974,0.2035893689095974,0.1951171521859942
train,param_108,real_002,0.39388070877707726,0.7672665618677047,0.20143133774399757,0.20143133774399757,0.19408209176333913
train,param_108,real_003,0.37993336245098625,0.7671851352732152,0.20217008337378503,0.20217008337378503,0.19620380783236668
train,param_108,real_004,0.396197509308079,0.7689223128454021,0.20194021701812745,0.20194021701812745,0.1915240119333612
train,param_108,real_005,0.406614708193789,0.7697877731184254,0.20416248396039008,0.20416248396039008,0.19576224264506892
train,param_109,real_001,0.4186949199843388,0.7757910647173109,0.2043064285814762,0.2043064285814762,0.1951171521859942
train,param_109,real_002,0.41613054157611395,0.7741919535495971,0.201976877450943,0.201976877450943,0.19408209176333913
train,param_109,real_003,0.4049336077668022,0.7745556997980662,0.20267371252179145,0.20267371252179145,0.19620380783236668
train,param_109,real_004,0.4235210738502256,0.7767723752852406,0.2025870403647423,0.2025870403647423,0.1915240119333612
train,param_109,real_005,0.4296467411470035,0.7777179186550056,0.20483251243829728,0.20483251243829728,0.19576224264506892
train,param_110,real_001,0.4369558839767709,0.7752946116901639,0.2046856527030468,0.2046856527030468,0.1951171521859942
train,param_110,real_002,0.4356417345814668,0.7736586058596228,0.2023455673456192,0.2023455673456192,0.19408209176333913
train,param_110,real_003,0.423493945257148,0.7741065685378468,0.20317691147327424,0.20317691147327424,0.19620380783236668
train,param_110,real_004,0.4408142339874452,0.7764410047989696,0.20325608372688295,0.20325608372688295,0.1915240119333612
train,param_110,real_005,0.44711627229247947,0.7774546057521657,0.2054663795232773,0.2054663795232773,0.19576224264506892
train,param_111,real_001,0.5253874776263332,0.8145838116527112,0.2084088644385338,0.2084088644385338,0.1951171521859942
train,param_111,real_002,0.5193281469232218,0.8108704525320634,0.20578785687685014,0.20578785687685014,0.19408209176333913
train,param_111,real_003,0.5190441387155622,0.8155852027213212,0.2072131660580635,0.2072131660580635,0.19620380783236668
train,param_111,real_004,0.528513545458188,0.8150850969922943,0.20704487651586534,0.20704487651586534,0.1915240119333612
train,param_111,real_005,0.5312468737255164,0.8155715581321727,0.21008225306868553,0.21008225306868553,0.19576224264506892
